striker,phase,pitch,runs,balls,dots,outs,avg,SR,Curr_Tm
Shubman Gill,PP,pace,1470,820,263,38,38.68,179.27,LSG
KL Rahul,Middle,spin,1377,886,179,23,59.87,155.42,SRH
GJ Maxwell,PP,pace,1299,703,230,21,61.86,184.78,DC
Abhishek Sharma,PP,pace,1210,647,210,28,43.21,187.02,MI
PD Salt,PP,pace,1186,727,288,26,45.62,163.14,PBKS
Shubman Gill,PP,spin,1154,654,190,22,52.45,176.45,LSG
P Simran Singh,PP,spin,1143,693,231,35,32.66,164.94,SRH
SA Yadav,Middle,spin,1083,662,148,25,43.32,163.6,DC
PD Salt,PP,spin,1076,600,210,24,44.83,179.33,PBKS
S Dube,Middle,pace,1064,693,188,21,50.67,153.54,RR
Abhishek Sharma,PP,spin,1061,559,153,21,50.52,189.8,MI
GJ Maxwell,PP,spin,1060,586,161,18,58.89,180.89,DC
V Suryavanshi,PP,spin,1059,600,206,19,55.74,176.5,PBKS
SV Samson,PP,pace,1049,649,273,20,52.45,161.63,GT
N Pooran,Middle,pace,995,681,184,16,62.19,146.11,MI
V Kohli,PP,pace,995,588,238,32,31.09,169.22,LSG
SA Yadav,Middle,pace,986,589,129,23,42.87,167.4,DC
C Green,Middle,pace,982,602,145,27,36.37,163.12,KKR
Naman Dhir,Middle,spin,951,593,100,21,45.29,160.37,GT
Tilak Varma,PP,pace,927,608,266,17,54.53,152.47,CSK
Tilak Varma,PP,spin,923,514,181,18,51.28,179.57,CSK
H Klaasen,Middle,spin,920,644,171,16,57.5,142.86,
Naman Dhir,Middle,pace,898,615,124,27,33.26,146.02,GT
SV Samson,PP,spin,894,574,225,22,40.64,155.75,GT
GJ Maxwell,Middle,pace,889,526,96,21,42.33,169.01,DC
Ishan Kishan,PP,pace,880,556,242,19,46.32,158.27,KKR
R Smaran,Middle,spin,867,554,112,17,51.0,156.5,RR
CH Gayle,PP,pace,846,450,183,17,49.76,188.0,RCB
RD Gaikwad,PP,pace,844,546,205,25,33.76,154.58,CSK
Tilak Varma,Middle,pace,835,553,156,27,30.93,150.99,CSK
Urvil Patel,Middle,spin,826,535,111,15,55.07,154.39,MI
Urvil Patel,PP,spin,825,482,178,13,63.46,171.16,MI
VR Iyer,Middle,spin,818,571,138,16,51.12,143.26,SRH
TM Head,PP,pace,814,541,214,21,38.76,150.46,KKR
Shubman Gill,Middle,spin,814,521,113,20,40.7,156.24,LSG
P Simran Singh,PP,pace,809,476,174,19,42.58,169.96,SRH
Abishek Porel,Middle,pace,802,502,95,18,44.56,159.76,LSG
RG Sharma,Middle,pace,796,490,124,15,53.07,162.45,KKR
FH Allen,PP,pace,795,497,207,19,41.84,159.96,SRH
N Sindhu,Middle,pace,783,439,70,15,52.2,178.36,DC
KL Rahul,PP,spin,779,516,208,12,64.92,150.97,SRH
Abhishek Sharma,Middle,pace,778,497,106,18,43.22,156.54,MI
SS Iyer,Middle,pace,774,516,140,25,30.96,150.0,KKR
JM Sharma,Death,pace,771,361,80,17,45.35,213.57,RCB
Shubman Gill,Middle,pace,770,503,80,14,55.0,153.08,LSG
Priyansh Arya,PP,pace,766,450,160,13,58.92,170.22,RCB
FH Allen,PP,spin,758,465,187,23,32.96,163.01,SRH
GJ Maxwell,Middle,spin,758,476,117,23,32.96,159.24,DC
RM Patidar,Middle,spin,749,520,138,27,27.74,144.04,RCB
Priyansh Arya,PP,spin,745,417,150,23,32.39,178.66,RCB
V Suryavanshi,PP,pace,745,462,184,21,35.48,161.26,PBKS
N Rana,Middle,pace,744,484,136,23,32.35,153.72,GT
SV Samson,PP,neutralish,742,438,161,16,46.38,169.41,GT
WG Jacks,Middle,pace,739,472,117,22,33.59,156.57,RR
S Dube,Middle,spin,738,530,144,21,35.14,139.25,RR
V Kohli,PP,spin,715,444,150,13,55.0,161.04,LSG
PD Salt,Middle,pace,715,499,122,18,39.72,143.29,PBKS
Naman Dhir,Middle,neutralish,713,427,53,10,71.3,166.98,GT
Abhishek Sharma,Middle,spin,712,443,89,23,30.96,160.72,MI
JC Buttler,Middle,pace,704,438,110,22,32.0,160.73,DC
P Simran Singh,Middle,spin,689,457,89,20,34.45,150.77,SRH
Sameer Rizvi,Death,pace,687,298,58,16,42.94,230.54,LSG
Tilak Varma,Middle,spin,687,483,96,18,38.17,142.24,CSK
JM Sharma,Middle,pace,673,464,140,20,33.65,145.04,RCB
P Simran Singh,PP,neutralish,671,381,136,11,61.0,176.12,SRH
VR Iyer,Death,spin,664,331,63,16,41.5,200.6,SRH
TM Head,Middle,pace,664,443,102,14,47.43,149.89,KKR
YBK Jaiswal,Middle,pace,661,422,95,16,41.31,156.64,RR
SS Iyer,Middle,spin,661,445,110,22,30.05,148.54,KKR
WL Madsen,Middle,spin,659,434,87,14,47.07,151.84,MI
RD Gaikwad,PP,spin,659,442,175,19,34.68,149.1,CSK
JP Inglis,Middle,spin,651,417,75,16,40.69,156.12,GT
R Parag,Middle,pace,650,431,125,18,36.11,150.81,GT
B Sai Sudharsan,Middle,spin,645,413,91,12,53.75,156.17,MI
Shashank Singh,Death,pace,636,302,55,11,57.82,210.6,PBKS
Sameer Rizvi,Death,spin,621,268,36,11,56.45,231.72,LSG
T Stubbs,Middle,pace,617,441,121,16,38.56,139.91,CSK
B Sai Sudharsan,Middle,pace,615,455,126,15,41.0,135.16,MI
SP Narine,PP,spin,615,400,163,11,55.91,153.75,SRH
FH Allen,Middle,pace,612,372,76,15,40.8,164.52,SRH
JP Inglis,PP,spin,612,336,103,12,51.0,182.14,GT
AM Rahane,Middle,pace,610,418,107,15,40.67,145.93,
KL Rahul,Middle,pace,606,405,75,17,35.65,149.63,SRH
RD Rickelton,PP,spin,600,402,179,22,27.27,149.25,RR
N Pooran,Middle,spin,599,417,123,16,37.44,143.65,MI
SV Samson,Middle,spin,598,405,87,20,29.9,147.65,GT
Shashank Singh,Death,spin,588,289,51,12,49.0,203.46,PBKS
RD Gaikwad,Middle,pace,584,349,76,23,25.39,167.34,CSK
RD Gaikwad,Middle,spin,581,386,82,19,30.58,150.52,CSK
RK Singh,Death,pace,580,286,54,12,48.33,202.8,PBKS
Atharva Taide,PP,pace,579,343,124,8,72.38,168.8,RCB
AM Rahane,Middle,spin,579,391,104,15,38.6,148.08,
GJ Maxwell,PP,neutralish,576,308,92,18,32.0,187.01,DC
RM Patidar,Middle,pace,566,408,104,22,25.73,138.73,RCB
JM Sharma,Middle,spin,560,358,92,15,37.33,156.42,RCB
Ishan Kishan,Middle,pace,557,388,118,26,21.42,143.56,KKR
WG Jacks,Middle,spin,556,430,136,21,26.48,129.3,RR
KA Pollard,Death,pace,554,246,48,7,79.14,225.2,RR
Priyansh Arya,Middle,pace,552,340,69,15,36.8,162.35,RCB
HH Pandya,Death,pace,549,255,65,13,42.23,215.29,LSG
Aniket Verma,Middle,pace,546,326,80,17,32.12,167.48,RR
YBK Jaiswal,Death,spin,545,221,39,9,60.56,246.61,RR
JP Inglis,Middle,pace,544,360,53,13,41.85,151.11,GT
SA Yadav,PP,pace,538,330,130,12,44.83,163.03,DC
N Pooran,Death,pace,536,251,56,23,23.3,213.55,MI
V Suryavanshi,Middle,pace,533,345,56,16,33.31,154.49,PBKS
SP Narine,Middle,spin,532,352,96,25,21.28,151.14,SRH
KL Rahul,Middle,neutralish,522,374,81,7,74.57,139.57,SRH
R Smaran,Middle,pace,519,349,81,16,32.44,148.71,RR
SV Samson,Middle,pace,519,386,93,19,27.32,134.46,GT
Aniket Verma,PP,spin,518,249,84,11,47.09,208.03,RR
RD Rickelton,PP,pace,518,296,110,21,24.67,175.0,RR
Kartik Sharma,Middle,pace,517,296,61,14,36.93,174.66,SRH
JC Buttler,PP,pace,517,365,150,18,28.72,141.64,DC
JP Inglis,PP,neutralish,514,263,89,7,73.43,195.44,GT
KA Pollard,Middle,pace,505,330,79,12,42.08,153.03,RR
CH Gayle,PP,spin,504,312,122,15,33.6,161.54,RCB
JP Inglis,Middle,neutralish,504,295,33,11,45.82,170.85,GT
S Dube,Middle,neutralish,501,341,65,12,41.75,146.92,RR
V Kohli,Middle,pace,501,338,77,11,45.55,148.22,LSG
Ishan Kishan,Middle,spin,500,340,73,12,41.67,147.06,KKR
C Green,Middle,spin,500,367,92,24,20.83,136.24,KKR
Tilak Varma,PP,neutralish,497,280,94,8,62.12,177.5,CSK
YBK Jaiswal,Death,pace,496,200,42,11,45.09,248.0,RR
N Sindhu,PP,spin,495,258,79,10,49.5,191.86,DC
N Sindhu,Middle,spin,491,297,71,18,27.28,165.32,DC
WG Jacks,PP,pace,490,328,122,10,49.0,149.39,RR
SP Narine,PP,pace,489,353,184,17,28.76,138.53,SRH
CH Gayle,Middle,pace,480,320,68,11,43.64,150.0,RCB
VR Iyer,Death,pace,480,208,37,9,53.33,230.77,SRH
RK Singh,Middle,pace,480,364,91,18,26.67,131.87,PBKS
Shashank Singh,Middle,pace,479,325,79,15,31.93,147.38,PBKS
WG Jacks,PP,spin,478,335,147,16,29.88,142.69,RR
V Suryavanshi,Middle,spin,473,314,80,21,22.52,150.64,PBKS
Tarang Gohel,PP,spin,472,250,98,8,59.0,188.8,DC
LS Livingstone,Middle,spin,471,361,120,18,26.17,130.47,PBKS
N Sindhu,PP,pace,470,290,119,15,31.33,162.07,DC
Q de Kock,PP,spin,468,328,126,12,39.0,142.68,
JP Inglis,PP,pace,464,305,116,12,38.67,152.13,GT
B Sai Sudharsan,PP,spin,462,322,116,15,30.8,143.48,MI
JC Buttler,Middle,spin,460,296,68,9,51.11,155.41,DC
P Simran Singh,Middle,pace,459,302,55,12,38.25,151.99,SRH
B Sai Sudharsan,PP,pace,458,328,148,18,25.44,139.63,MI
KL Rahul,Death,spin,452,252,42,12,37.67,179.37,SRH
N Pooran,Death,spin,452,209,45,15,30.13,216.27,MI
Abhishek Sharma,PP,neutralish,449,238,60,3,149.67,188.66,MI
Ishan Kishan,PP,spin,449,312,127,14,32.07,143.91,KKR
Aniket Verma,Middle,neutralish,447,232,34,7,63.86,192.67,RR
SA Yadav,PP,spin,447,269,102,5,89.4,166.17,DC
N Sindhu,Middle,neutralish,447,282,57,8,55.88,158.51,DC
Aniket Verma,PP,pace,444,236,84,10,44.4,188.14,RR
Shashank Singh,Middle,spin,442,372,123,19,23.26,118.82,PBKS
YBK Jaiswal,Middle,spin,441,301,73,15,29.4,146.51,RR
RR Rossouw,Middle,pace,441,302,70,12,36.75,146.03,
SV Samson,Middle,neutralish,441,258,54,11,40.09,170.93,GT
V Kohli,Middle,spin,440,345,104,18,24.44,127.54,LSG
Aniket Verma,Middle,spin,440,281,71,11,40.0,156.58,RR
Urvil Patel,PP,pace,440,265,102,7,62.86,166.04,MI
BM Duckett,PP,spin,438,264,88,13,33.69,165.91,SRH
Sameer Rizvi,Middle,spin,434,276,65,13,33.38,157.25,LSG
JM Sharma,Death,spin,433,223,61,19,22.79,194.17,RCB
PP Shaw,PP,pace,432,288,127,9,48.0,150.0,
S Dube,PP,pace,431,274,121,4,107.75,157.3,RR
R Parag,Death,spin,427,196,39,12,35.58,217.86,GT
AD Russell,Death,pace,427,219,57,13,32.85,194.98,DC
C Green,PP,pace,426,265,101,9,47.33,160.75,KKR
MP Stoinis,Middle,pace,423,262,65,11,38.45,161.45,
Sameer Rizvi,Middle,pace,421,278,66,9,46.78,151.44,LSG
H Klaasen,Death,spin,420,243,58,18,23.33,172.84,
N Rana,Death,pace,420,205,38,12,35.0,204.88,GT
MP Stoinis,PP,pace,418,264,110,9,46.44,158.33,
Abishek Porel,Death,pace,415,205,42,15,27.67,202.44,LSG
Tushar Raheja,PP,pace,404,181,63,7,57.71,223.2,KKR
P Simran Singh,Middle,neutralish,402,267,33,9,44.67,150.56,SRH
Tarang Gohel,PP,pace,399,237,87,16,24.94,168.35,DC
Shubman Gill,PP,neutralish,396,211,54,6,66.0,187.68,LSG
T Stubbs,Death,pace,394,200,48,11,35.82,197.0,CSK
RG Sharma,Middle,spin,393,287,98,22,17.86,136.93,KKR
RG Sharma,Death,pace,393,181,42,14,28.07,217.13,KKR
PWH de Silva,Middle,spin,390,207,41,12,32.5,188.41,RCB
KL Rahul,PP,pace,390,250,119,7,55.71,156.0,SRH
Abishek Porel,Middle,spin,388,286,84,13,29.85,135.66,LSG
Urvil Patel,Middle,pace,388,281,72,10,38.8,138.08,MI
Naman Dhir,PP,spin,386,217,64,10,38.6,177.88,GT
F du Plessis,Middle,pace,385,284,73,6,64.17,135.56,
VR Iyer,Middle,pace,381,285,72,12,31.75,133.68,SRH
R Parag,Middle,spin,379,258,59,11,34.45,146.9,GT
YBK Jaiswal,Death,neutralish,378,158,22,7,54.0,239.24,RR
N Rana,PP,pace,376,242,106,8,47.0,155.37,GT
CH Gayle,Middle,spin,375,264,67,12,31.25,142.05,RCB
RD Rickelton,Middle,spin,374,264,73,13,28.77,141.67,RR
Tilak Varma,Middle,neutralish,365,229,49,11,33.18,159.39,CSK
Tarang Gohel,PP,neutralish,364,193,62,2,182.0,188.6,DC
SA Yadav,PP,neutralish,361,197,64,7,51.57,183.25,DC
Naman Dhir,Death,spin,360,182,42,8,45.0,197.8,GT
PHKD Mendis,Middle,pace,358,209,47,5,71.6,171.29,PBKS
R Parag,Death,neutralish,357,173,39,14,25.5,206.36,GT
TM Head,PP,spin,356,256,105,11,32.36,139.06,KKR
T Stubbs,Middle,spin,356,264,96,12,29.67,134.85,CSK
KL Rahul,Death,neutralish,356,167,26,11,32.36,213.17,SRH
PD Salt,Middle,spin,353,241,57,21,16.81,146.47,PBKS
Naman Dhir,Death,pace,352,148,21,10,35.2,237.84,GT
Abishek Porel,Middle,neutralish,352,213,61,10,35.2,165.26,LSG
J Fraser-McGurk,PP,spin,351,171,56,8,43.88,205.26,DC
Nithish Kumar Reddy,Death,spin,350,182,35,9,38.89,192.31,GT
DP Conway,PP,pace,349,231,99,10,34.9,151.08,
AK Markram,Death,spin,349,210,70,17,20.53,166.19,DC
TP Ura,Middle,spin,349,213,41,9,38.78,163.85,PBKS
SA Yadav,Death,pace,349,154,30,11,31.73,226.62,DC
Jay Gohil,Death,pace,348,177,43,10,34.8,196.61,MI
N Sindhu,Death,pace,347,161,36,12,28.92,215.53,DC
S Dube,Death,spin,346,157,35,12,28.83,220.38,RR
BM Duckett,PP,pace,344,214,86,12,28.67,160.75,SRH
YBK Jaiswal,Middle,neutralish,343,193,29,5,68.6,177.72,RR
Tanush Kotian,Death,spin,343,158,44,16,21.44,217.09,CSK
Shubman Gill,Middle,neutralish,342,187,29,6,57.0,182.89,LSG
RD Gaikwad,Middle,neutralish,340,206,25,6,56.67,165.05,CSK
RD Rickelton,PP,neutralish,340,214,75,8,42.5,158.88,RR
S Dube,PP,spin,338,221,89,7,48.29,152.94,RR
Tarang Gohel,Middle,neutralish,338,196,27,8,42.25,172.45,DC
SS Iyer,PP,pace,333,236,96,9,37.0,141.1,KKR
C Green,Death,pace,333,160,25,11,30.27,208.12,KKR
Q de Kock,PP,pace,332,211,85,10,33.2,157.35,
N Pooran,Middle,neutralish,332,200,39,5,66.4,166.0,MI
Tarang Gohel,Middle,spin,330,200,35,11,30.0,165.0,DC
Abhishek Sharma,Middle,neutralish,330,197,32,9,36.67,167.51,MI
D Brevis,Middle,spin,330,258,86,7,47.14,127.91,GT
SA Yadav,Middle,neutralish,329,200,38,11,29.91,164.5,DC
Naman Dhir,PP,pace,328,181,48,3,109.33,181.22,GT
R Parag,Death,pace,327,168,48,17,19.24,194.64,GT
YBK Jaiswal,PP,pace,325,185,78,13,25.0,175.68,RR
Atharva Taide,Middle,pace,323,235,46,10,32.3,137.45,RCB
N Sindhu,Death,spin,321,132,24,8,40.12,243.18,DC
Urvil Patel,PP,neutralish,320,179,57,4,80.0,178.77,MI
DP Conway,PP,spin,320,238,94,12,26.67,134.45,
Dhruv Jurel,Middle,pace,319,246,73,11,29.0,129.67,CSK
BJ McMullen,Middle,pace,318,210,70,12,26.5,151.43,RCB
N Sindhu,PP,neutralish,315,175,57,4,78.75,180.0,DC
RD Rickelton,Middle,pace,314,204,37,7,44.86,153.92,RR
GJ Maxwell,Middle,neutralish,314,185,38,10,31.4,169.73,DC
BJ McMullen,PP,spin,314,213,100,8,39.25,147.42,RCB
JC Buttler,Death,pace,313,153,36,9,34.78,204.58,DC
Priyansh Arya,Middle,spin,312,213,60,15,20.8,146.48,RCB
Priyansh Arya,PP,neutralish,309,171,58,3,103.0,180.7,RCB
RD Gaikwad,PP,neutralish,308,177,53,4,77.0,174.01,CSK
CH Gayle,PP,neutralish,308,182,72,5,61.6,169.23,RCB
HH Pandya,Death,spin,308,155,35,13,23.69,198.71,LSG
WL Madsen,Death,spin,306,177,34,11,27.82,172.88,MI
Priyansh Arya,Middle,neutralish,306,174,27,7,43.71,175.86,RCB
LS Livingstone,PP,spin,306,220,91,6,51.0,139.09,PBKS
VR Iyer,Death,neutralish,302,128,18,7,43.14,235.94,SRH
RA Jadeja,Death,spin,301,171,63,10,30.1,176.02,CSK
GD Phillips,Death,pace,299,132,29,11,27.18,226.52,RR
DP Conway,Middle,spin,298,211,40,4,74.5,141.23,
AM Rahane,PP,spin,298,249,125,10,29.8,119.68,
SA Yadav,Death,spin,298,145,34,12,24.83,205.52,DC
Tushar Raheja,PP,spin,297,169,63,9,33.0,175.74,KKR
Tarang Gohel,Middle,pace,296,165,28,8,37.0,179.39,DC
Naman Dhir,Death,neutralish,294,144,25,11,26.73,204.17,GT
D Wiese,Death,pace,293,116,21,5,58.6,252.59,KKR
TL Seifert,PP,pace,291,147,55,7,41.57,197.96,PBKS
Ashutosh Sharma,Middle,pace,289,204,57,13,22.23,141.67,GT
S Dube,PP,neutralish,289,166,53,5,57.8,174.1,RR
PHKD Mendis,Death,pace,288,141,39,11,26.18,204.26,PBKS
V Nigam,Death,spin,286,134,40,9,31.78,213.43,GT
CH Gayle,Middle,neutralish,286,159,27,3,95.33,179.87,RCB
Nithish Kumar Reddy,Middle,spin,285,207,61,9,31.67,137.68,GT
S Dube,Death,pace,281,137,39,16,17.56,205.11,RR
BJ McMullen,Middle,neutralish,279,175,38,7,39.86,159.43,RCB
Q de Kock,Middle,spin,278,204,64,13,21.38,136.27,
PWH de Silva,Middle,pace,276,142,44,9,30.67,194.37,RCB
SS Iyer,Death,pace,276,147,32,11,25.09,187.76,KKR
Naman Dhir,PP,neutralish,273,137,39,4,68.25,199.27,GT
PD Salt,PP,neutralish,272,175,71,9,30.22,155.43,PBKS
Dhruv Jurel,Middle,spin,271,198,69,9,30.11,136.87,CSK
BM Duckett,Middle,spin,270,173,29,8,33.75,156.07,SRH
JP Inglis,Death,spin,270,134,28,9,30.0,201.49,GT
Dhruv Jurel,Death,pace,269,151,38,7,38.43,178.15,CSK
KA Pollard,Middle,neutralish,269,198,52,7,38.43,135.86,RR
Chirag Jani,Middle,pace,268,174,42,11,24.36,154.02,RCB
RM Patidar,Death,pace,268,131,37,7,38.29,204.58,RCB
C Green,Middle,neutralish,268,169,27,5,53.6,158.58,KKR
RG Sharma,PP,spin,267,186,75,4,66.75,143.55,KKR
TM Head,PP,neutralish,267,138,42,4,66.75,193.48,KKR
Kartik Sharma,Middle,neutralish,266,147,28,6,44.33,180.95,SRH
Urvil Patel,Death,spin,266,138,31,9,29.56,192.75,MI
AM Rahane,PP,pace,262,183,90,8,32.75,143.17,
TH David,Middle,pace,262,165,39,9,29.11,158.79,
Kartik Sharma,Middle,spin,262,152,30,7,37.43,172.37,SRH
GD Phillips,Middle,spin,262,184,52,9,29.11,142.39,RR
V Kohli,PP,neutralish,260,165,64,13,20.0,157.58,LSG
KK Nair,Middle,spin,259,175,33,6,43.17,148.0,CSK
RM Patidar,Middle,neutralish,259,198,49,6,43.17,130.81,RCB
SS Iyer,PP,spin,258,186,84,8,32.25,138.71,KKR
SS Iyer,Death,spin,257,149,38,12,21.42,172.48,KKR
R Parag,Middle,neutralish,256,170,44,4,64.0,150.59,GT
YBK Jaiswal,PP,spin,256,172,76,11,23.27,148.84,RR
PD Salt,Middle,neutralish,255,149,30,5,51.0,171.14,PBKS
GJ Maxwell,Death,pace,253,111,17,5,50.6,227.93,DC
Arshad Khan,Death,pace,253,131,35,9,28.11,193.13,CSK
S Dube,Death,neutralish,252,104,19,3,84.0,242.31,RR
T Stubbs,Middle,neutralish,251,183,50,5,50.2,137.16,CSK
Atharva Taide,PP,spin,251,160,79,6,41.83,156.88,RCB
R Powell,Middle,pace,251,181,59,10,25.1,138.67,
H Klaasen,PP,spin,251,201,87,6,41.83,124.88,
BJ McMullen,PP,pace,250,158,65,8,31.25,158.23,RCB
Abhishek Pathak,Middle,pace,250,153,18,4,62.5,163.4,RCB
FH Allen,Middle,spin,248,166,43,15,16.53,149.4,SRH
CH Gayle,Death,pace,248,98,19,6,41.33,253.06,RCB
PWH de Silva,PP,pace,248,127,42,8,31.0,195.28,RCB
Jay Gohil,Death,spin,247,101,19,4,61.75,244.55,MI
Abishek Porel,Death,spin,247,135,30,6,41.17,182.96,LSG
RM Patidar,Death,spin,246,125,28,9,27.33,196.8,RCB
Urvil Patel,Death,pace,246,125,22,7,35.14,196.8,MI
RG Sharma,Death,spin,245,121,30,13,18.85,202.48,KKR
BM Duckett,PP,neutralish,243,140,39,4,60.75,173.57,SRH
RM Patidar,PP,pace,243,198,106,13,18.69,122.73,RCB
MJ Owen,Middle,pace,242,161,27,5,48.4,150.31,MI
N Sindhu,Death,neutralish,240,104,15,4,60.0,230.77,DC
C Green,Death,spin,239,108,23,5,47.8,221.3,KKR
PWH de Silva,Death,spin,239,103,17,3,79.67,232.04,RCB
DP Conway,Middle,pace,238,144,32,5,47.6,165.28,
TM Head,Middle,spin,237,157,37,6,39.5,150.96,KKR
Nithish Kumar Reddy,Middle,pace,236,193,72,12,19.67,122.28,GT
PP Shaw,PP,spin,236,165,58,5,47.2,143.03,
S Arora,Middle,pace,236,135,26,9,26.22,174.81,KKR
V Nigam,Death,pace,234,104,26,2,117.0,225.0,GT
AD Russell,Death,neutralish,233,110,30,5,46.6,211.82,DC
T Stubbs,Death,spin,233,116,28,8,29.12,200.86,CSK
SP Narine,Middle,pace,233,183,61,14,16.64,127.32,SRH
PWH de Silva,PP,spin,232,137,58,4,58.0,169.34,RCB
BJ McMullen,PP,neutralish,230,144,48,3,76.67,159.72,RCB
Tanush Kotian,Death,pace,229,89,18,7,32.71,257.3,CSK
R Smaran,Death,spin,229,136,37,13,17.62,168.38,RR
Vansh Bedi,Middle,spin,229,146,27,11,20.82,156.85,PBKS
HH Pandya,Middle,spin,228,173,58,11,20.73,131.79,LSG
Ishan Kishan,PP,neutralish,228,136,55,5,45.6,167.65,KKR
Abishek Porel,Death,neutralish,228,103,25,7,32.57,221.36,LSG
Rahul Singh,PP,pace,227,148,51,4,56.75,153.38,
Ramandeep Singh,Middle,pace,227,158,50,11,20.64,143.67,RCB
MW Short,Middle,pace,227,139,26,9,25.22,163.31,MI
B Sai Sudharsan,PP,neutralish,226,164,72,6,37.67,137.8,MI
PHKD Mendis,Middle,spin,225,158,51,13,17.31,142.41,PBKS
HC Brook,Middle,pace,224,162,54,7,32.0,138.27,GT
Anmolpreet Singh,Death,pace,224,106,29,12,18.67,211.32,KKR
Ishan Kishan,Death,spin,223,114,21,6,37.17,195.61,KKR
FH Allen,PP,neutralish,223,136,52,9,24.78,163.97,SRH
Abishek Porel,PP,spin,223,152,69,5,44.6,146.71,LSG
Tilak Varma,Death,spin,221,121,25,7,31.57,182.64,CSK
HH Pandya,Middle,pace,221,179,59,11,20.09,123.46,LSG
KA Pollard,Death,neutralish,220,109,24,4,55.0,201.83,RR
PP Shaw,Middle,pace,219,153,44,10,21.9,143.14,
JP Inglis,Death,pace,219,101,18,9,24.33,216.83,GT
Anmolpreet Singh,Middle,pace,218,155,32,5,43.6,140.65,KKR
Abhishek Sharma,Death,pace,217,120,22,5,43.4,180.83,MI
R Smaran,PP,pace,217,166,75,6,36.17,130.72,RR
GD Phillips,Death,neutralish,216,77,15,3,72.0,280.52,RR
F du Plessis,PP,pace,216,194,85,8,27.0,111.34,
WG Jacks,Death,spin,214,107,19,8,26.75,200.0,RR
N Wadhera,Middle,pace,214,171,74,3,71.33,125.15,
Aniket Verma,Death,spin,214,97,18,6,35.67,220.62,RR
PP Shaw,Middle,spin,213,155,41,8,26.62,137.42,
AK Markram,Middle,spin,212,190,78,6,35.33,111.58,DC
R Smaran,PP,spin,210,129,53,9,23.33,162.79,RR
B Sai Sudharsan,Middle,neutralish,209,157,37,4,52.25,133.12,MI
RR Rossouw,Death,pace,208,90,20,5,41.6,231.11,
Jay Gohil,Middle,pace,208,121,38,6,34.67,171.9,MI
J Fraser-McGurk,PP,pace,206,138,67,15,13.73,149.28,DC
V Kohli,Middle,neutralish,206,136,31,4,51.5,151.47,LSG
BM Duckett,Middle,neutralish,205,159,33,5,41.0,128.93,SRH
GD Phillips,Middle,pace,204,133,32,4,51.0,153.38,RR
Q de Kock,Middle,pace,203,146,36,6,33.83,139.04,
MJ Owen,PP,pace,203,146,67,8,25.38,139.04,MI
R Powell,Death,pace,202,103,26,9,22.44,196.12,
AD Russell,Death,spin,201,103,33,6,33.5,195.15,DC
Ramandeep Singh,Death,pace,201,115,38,11,18.27,174.78,RCB
BM Duckett,Middle,pace,201,123,23,3,67.0,163.41,SRH
MJ Owen,Death,pace,200,98,22,8,25.0,204.08,MI
MP Stoinis,Death,pace,200,106,28,7,28.57,188.68,
RD Gaikwad,Death,spin,199,94,20,4,49.75,211.7,CSK
AR Patel,Death,spin,198,106,41,9,22.0,186.79,PBKS
J Fraser-McGurk,PP,neutralish,198,106,36,1,198.0,186.79,DC
Ishan Kishan,Middle,neutralish,198,129,24,3,66.0,153.49,KKR
MJ Owen,Middle,spin,195,123,33,9,21.67,158.54,MI
RM Patidar,PP,spin,195,153,65,4,48.75,127.45,RCB
Sikandar Raza,Middle,spin,194,148,52,8,24.25,131.08,
Chirag Jani,Death,pace,194,94,28,11,17.64,206.38,RCB
RK Singh,Death,neutralish,192,100,28,4,48.0,192.0,PBKS
S Arora,Middle,spin,192,119,20,3,64.0,161.34,KKR
D Brevis,Middle,neutralish,192,126,35,5,38.4,152.38,GT
SU Parakh,PP,pace,191,135,62,6,31.83,141.48,SRH
AM Rahane,Death,pace,191,113,30,14,13.64,169.03,
MJ Owen,PP,spin,190,110,45,7,27.14,172.73,MI
N Pooran,PP,pace,190,151,75,5,38.0,125.83,MI
AK Markram,PP,spin,190,124,54,8,23.75,153.23,DC
PWH de Silva,PP,neutralish,190,88,24,3,63.33,215.91,RCB
JC Buttler,Death,spin,190,109,27,10,19.0,174.31,DC
MR Marsh,Middle,pace,189,151,44,7,27.0,125.17,KKR
KL Rahul,PP,neutralish,188,102,40,3,62.67,184.31,SRH
PWH de Silva,Middle,neutralish,188,117,23,5,37.6,160.68,RCB
AR Patel,Middle,spin,187,147,67,8,23.38,127.21,PBKS
Abdul Samad,Death,spin,187,125,38,9,20.78,149.6,KKR
PD Salt,Death,pace,186,100,22,9,20.67,186.0,PBKS
BA Stokes,Middle,pace,186,137,54,8,23.25,135.77,
GJ Maxwell,Death,spin,185,91,21,6,30.83,203.3,DC
WG Jacks,Death,pace,184,103,22,11,16.73,178.64,RR
LS Livingstone,Death,spin,184,131,56,11,16.73,140.46,PBKS
Tanush Kotian,Middle,spin,182,132,45,8,22.75,137.88,CSK
RD Rickelton,Middle,neutralish,182,124,33,7,26.0,146.77,RR
MP Stoinis,Middle,spin,182,150,46,8,22.75,121.33,
Shashank Singh,PP,spin,182,107,30,2,91.0,170.09,PBKS
Ajay Rohera,Middle,pace,182,109,13,6,30.33,166.97,LSG
D Brevis,Death,spin,182,104,32,11,16.55,175.0,GT
V Suryavanshi,PP,neutralish,181,118,38,2,90.5,153.39,PBKS
C Green,PP,spin,181,149,69,5,36.2,121.48,KKR
KA Pollard,Middle,spin,180,130,50,9,20.0,138.46,RR
PHKD Mendis,Death,spin,180,107,36,5,36.0,168.22,PBKS
KL Rahul,Death,pace,179,87,25,9,19.89,205.75,SRH
VR Iyer,Middle,neutralish,179,113,15,1,179.0,158.41,SRH
Suryansh Shedge,Death,spin,177,83,31,7,25.29,213.25,KKR
S Arora,PP,pace,177,87,26,3,59.0,203.45,KKR
AB de Villiers,Death,neutralish,177,73,14,3,59.0,242.47,
AB de Villiers,Middle,spin,176,152,53,6,29.33,115.79,
Nithish Kumar Reddy,Death,neutralish,176,85,17,9,19.56,207.06,GT
BJ McMullen,Middle,spin,173,148,45,9,19.22,116.89,RCB
MR Marsh,Middle,neutralish,173,111,22,3,57.67,155.86,KKR
MW Short,PP,pace,172,103,40,3,57.33,166.99,MI
Washington Sundar,Death,pace,171,103,34,6,28.5,166.02,RCB
Hassan Nawaz,Middle,neutralish,171,119,29,3,57.0,143.7,
JM Sharma,Death,neutralish,171,71,13,4,42.75,240.85,RCB
Karan Shinde,Death,pace,170,82,24,6,28.33,207.32,SRH
JC Buttler,Middle,neutralish,170,119,25,5,34.0,142.86,DC
V Kohli,Death,neutralish,169,76,14,2,84.5,222.37,LSG
Shubman Gill,Death,pace,169,99,19,8,21.12,170.71,LSG
TL Seifert,Middle,pace,169,100,13,3,56.33,169.0,PBKS
H Klaasen,Middle,pace,168,121,32,10,16.8,138.84,
J Fraser-McGurk,Middle,spin,168,106,25,8,21.0,158.49,DC
Vansh Bedi,Middle,pace,168,101,21,4,42.0,166.34,PBKS
Aniket Verma,PP,neutralish,167,87,27,3,55.67,191.95,RR
Dhruv Jurel,PP,pace,167,97,35,3,55.67,172.16,CSK
RG Sharma,PP,pace,166,105,42,10,16.6,158.1,KKR
Suryansh Shedge,Death,pace,166,113,54,15,11.07,146.9,KKR
WL Madsen,PP,spin,166,113,44,0,,146.9,MI
DR Mousley,Middle,pace,165,115,22,3,55.0,143.48,LSG
Kartik Sharma,PP,spin,165,82,25,2,82.5,201.22,SRH
BJ McMullen,Death,pace,165,81,22,9,18.33,203.7,RCB
Abhishek Pathak,Death,pace,164,66,11,3,54.67,248.48,RCB
Abdul Samad,Middle,pace,164,115,36,3,54.67,142.61,KKR
TP Ura,Death,spin,164,77,19,8,20.5,212.99,PBKS
SS Iyer,Middle,neutralish,163,110,27,4,40.75,148.18,KKR
Nithish Kumar Reddy,Middle,neutralish,163,107,29,4,40.75,152.34,GT
Sameer Rizvi,Death,neutralish,162,69,14,4,40.5,234.78,LSG
Utkarsh Singh,Death,spin,162,92,37,10,16.2,176.09,RR
BA Stokes,PP,pace,162,126,61,8,20.25,128.57,
Ishaan Gadekar,Middle,spin,161,83,24,7,23.0,193.98,
Urvil Patel,Middle,neutralish,161,115,31,11,14.64,140.0,MI
JC Buttler,PP,spin,161,97,36,7,23.0,165.98,DC
MR Marsh,PP,neutralish,161,97,27,1,161.0,165.98,KKR
Abdul Samad,Middle,spin,161,129,52,7,23.0,124.81,KKR
Tanush Kotian,Death,neutralish,160,72,19,8,20.0,222.22,CSK
H Klaasen,Middle,neutralish,160,107,28,3,53.33,149.53,
Rahul Singh,Middle,pace,159,93,29,9,17.67,170.97,
KH Pandya,Death,spin,158,102,44,11,14.36,154.9,SRH
Aniket Verma,Death,neutralish,158,85,26,9,17.56,185.88,RR
JP Inglis,Death,neutralish,158,73,14,7,22.57,216.44,GT
AB de Villiers,Middle,neutralish,158,96,18,0,,164.58,
TL Seifert,PP,spin,157,106,40,3,52.33,148.11,PBKS
J Fraser-McGurk,Middle,pace,157,97,23,3,52.33,161.86,DC
N Wadhera,Death,pace,157,101,44,14,11.21,155.45,
V Nigam,Middle,spin,157,103,32,1,157.0,152.43,GT
N Rana,Middle,neutralish,156,100,29,9,17.33,156.0,GT
Tilak Varma,Death,neutralish,155,70,10,3,51.67,221.43,CSK
Shubman Gill,Death,spin,155,100,16,3,51.67,155.0,LSG
JM Bairstow,PP,pace,154,107,41,4,38.5,143.93,
Vansh Bedi,PP,spin,154,54,15,2,77.0,285.19,PBKS
MR Marsh,Middle,spin,153,103,32,6,25.5,148.54,KKR
B Sai Sudharsan,Death,spin,152,94,23,10,15.2,161.7,MI
YBK Jaiswal,PP,neutralish,152,69,16,7,21.71,220.29,RR
HH Pandya,Death,neutralish,151,69,18,6,25.17,218.84,LSG
KK Nair,Middle,neutralish,150,100,18,1,150.0,150.0,CSK
RR Pant,Middle,pace,149,121,40,7,21.29,123.14,
JJ Smit,Death,pace,149,83,32,12,12.42,179.52,PBKS
Ashutosh Sharma,Death,pace,148,96,28,10,14.8,154.17,GT
N Wadhera,Death,spin,148,103,37,10,14.8,143.69,
MR Marsh,Death,pace,147,71,14,5,29.4,207.04,KKR
Karan Shinde,Death,spin,147,69,21,8,18.38,213.04,SRH
BA Stokes,Death,pace,147,86,31,7,21.0,170.93,
MK Pandey,Middle,pace,146,113,40,8,18.25,129.2,
Kartik Sharma,Death,neutralish,146,72,15,5,29.2,202.78,SRH
F du Plessis,Death,pace,145,87,20,5,29.0,166.67,
Kartik Sharma,Death,spin,145,67,19,6,24.17,216.42,SRH
V Suryavanshi,Middle,neutralish,145,104,24,4,36.25,139.42,PBKS
SU Parakh,PP,neutralish,144,82,32,1,144.0,175.61,SRH
Ajay Rohera,PP,pace,144,80,32,1,144.0,180.0,LSG
RA Jadeja,Death,pace,144,86,29,7,20.57,167.44,CSK
Shashank Singh,Middle,neutralish,143,114,28,5,28.6,125.44,PBKS
AR Patel,Middle,pace,142,130,50,6,23.67,109.23,PBKS
Kartik Sharma,Death,pace,142,65,20,7,20.29,218.46,SRH
Jay Gohil,Death,neutralish,141,54,9,3,47.0,261.11,MI
Sikandar Raza,Death,spin,141,87,29,5,28.2,162.07,
RK Singh,Middle,spin,140,100,26,3,46.67,140.0,PBKS
F du Plessis,PP,spin,139,138,63,7,19.86,100.72,
Abdul Samad,Death,neutralish,139,65,14,4,34.75,213.85,KKR
D Brevis,Death,neutralish,139,64,12,0,,217.19,GT
Vansh Bedi,Death,pace,139,64,6,4,34.75,217.19,PBKS
Abhishek Pathak,Middle,spin,138,98,20,5,27.6,140.82,RCB
Rohan Kunnummal,PP,pace,138,77,28,5,27.6,179.22,MI
RD Gaikwad,Death,neutralish,138,66,11,7,19.71,209.09,CSK
GD Phillips,Death,spin,138,80,28,12,11.5,172.5,RR
AR Patel,Death,pace,137,95,32,8,17.12,144.21,PBKS
S Arora,Death,neutralish,137,50,7,1,137.0,274.0,KKR
Abdul Samad,Death,pace,136,98,33,8,17.0,138.78,KKR
N Rana,Middle,spin,134,109,37,8,16.75,122.94,GT
T Stubbs,Death,neutralish,134,76,11,5,26.8,176.32,CSK
WL Madsen,Middle,neutralish,133,86,18,2,66.5,154.65,MI
JG Bethell,Middle,spin,133,105,39,6,22.17,126.67,
LS Livingstone,PP,neutralish,132,100,48,2,66.0,132.0,PBKS
Washington Sundar,Middle,pace,132,116,43,4,33.0,113.79,RCB
V Nigam,Death,neutralish,131,63,15,5,26.2,207.94,GT
Arshad Khan,Death,spin,131,88,33,7,18.71,148.86,CSK
KK Nair,Death,spin,131,58,8,4,32.75,225.86,CSK
JM Sharma,Middle,neutralish,130,82,15,3,43.33,158.54,RCB
AB de Villiers,Death,spin,130,58,19,6,21.67,224.14,
AD Russell,Middle,spin,130,88,31,3,43.33,147.73,DC
MR Marsh,PP,pace,130,87,39,2,65.0,149.43,KKR
Aniket Verma,Death,pace,130,73,15,5,26.0,178.08,RR
AM Rahane,Death,spin,129,77,22,9,14.33,167.53,
KD Karthik,Middle,pace,129,103,36,5,25.8,125.24,
Abhishek Pathak,PP,pace,129,65,19,1,129.0,198.46,RCB
Abhishek Sharma,Death,spin,129,60,9,5,25.8,215.0,MI
Abishek Porel,PP,neutralish,129,73,29,0,,176.71,LSG
JM Bairstow,PP,spin,129,96,38,4,32.25,134.38,
Atharva Taide,Middle,neutralish,129,74,11,1,129.0,174.32,RCB
V Kohli,Death,pace,129,76,22,7,18.43,169.74,LSG
SU Parakh,PP,spin,128,76,37,4,32.0,168.42,SRH
SP Narine,Middle,neutralish,127,75,17,3,42.33,169.33,SRH
KK Nair,PP,pace,126,71,26,4,31.5,177.46,CSK
S Arora,Middle,neutralish,126,90,17,2,63.0,140.0,KKR
B Sai Sudharsan,Death,pace,125,70,23,10,12.5,178.57,MI
DAJ Bracewell,Death,pace,124,61,22,6,20.67,203.28,
JC Buttler,PP,neutralish,124,78,34,4,31.0,158.97,DC
LS Livingstone,Middle,pace,124,102,30,6,20.67,121.57,PBKS
RA Jadeja,Death,neutralish,123,60,15,6,20.5,205.0,CSK
TH David,Middle,spin,123,88,33,3,41.0,139.77,
WG Jacks,Middle,neutralish,123,89,25,3,41.0,138.2,RR
Akash Vasisht,Death,spin,123,71,31,7,17.57,173.24,DC
Washington Sundar,Death,spin,123,109,52,14,8.79,112.84,RCB
RR Pant,Middle,spin,123,76,22,3,41.0,161.84,
KK Nair,Death,pace,122,54,12,1,122.0,225.93,CSK
MP Stoinis,PP,spin,122,127,69,4,30.5,96.06,
V Suryavanshi,Death,pace,122,50,9,6,20.33,244.0,PBKS
N Wadhera,Middle,spin,122,98,31,1,122.0,124.49,
KK Nair,Middle,pace,121,88,28,4,30.25,137.5,CSK
Kumar Kushagra,Middle,neutralish,121,83,25,1,121.0,145.78,RR
DJ Hooda,PP,pace,119,78,34,3,39.67,152.56,
Dhruv Jurel,Death,spin,118,87,30,13,9.08,135.63,CSK
SP Narine,PP,neutralish,118,67,28,3,39.33,176.12,SRH
FH Allen,Death,pace,118,59,12,5,23.6,200.0,SRH
P Simran Singh,Death,spin,118,71,14,8,14.75,166.2,SRH
Chirag Jani,Middle,neutralish,118,76,27,2,59.0,155.26,RCB
TH David,Death,pace,117,64,15,6,19.5,182.81,
GF Linde,Death,spin,116,77,31,9,12.89,150.65,GT
DR Mousley,Middle,spin,116,95,31,5,23.2,122.11,LSG
AM Rahane,Middle,neutralish,115,81,16,1,115.0,141.98,
JC Buttler,Death,neutralish,115,60,16,5,23.0,191.67,DC
KA Pollard,PP,pace,115,66,24,1,115.0,174.24,RR
DP Conway,PP,neutralish,115,67,19,6,19.17,171.64,
R Smaran,Death,pace,114,67,20,8,14.25,170.15,RR
Chirag Jani,Death,spin,114,43,10,2,57.0,265.12,RCB
DA Miller,Death,spin,114,65,18,4,28.5,175.38,
Sameer Rizvi,Middle,neutralish,114,71,11,3,38.0,160.56,LSG
LS Livingstone,PP,pace,113,75,28,4,28.25,150.67,PBKS
Tarang Gohel,Death,spin,113,51,10,7,16.14,221.57,DC
WL Madsen,Middle,pace,113,77,15,4,28.25,146.75,MI
SA Yadav,Death,neutralish,113,56,8,3,37.67,201.79,DC
Abishek Porel,PP,pace,112,77,33,2,56.0,145.45,LSG
V Kohli,Death,spin,112,72,23,6,18.67,155.56,LSG
N Pooran,Death,neutralish,111,51,10,4,27.75,217.65,MI
TA Boult,Death,pace,111,102,54,12,9.25,108.82,
AD Russell,Middle,neutralish,111,73,26,3,37.0,152.05,DC
Ajay Rohera,PP,spin,109,67,25,6,18.17,162.69,LSG
RA Tripathi,PP,pace,109,90,47,5,21.8,121.11,
Tilak Varma,Death,pace,109,68,16,8,13.62,160.29,CSK
RD Gaikwad,Death,pace,108,57,15,2,54.0,189.47,CSK
Shahbaz Ahmed,Death,spin,108,76,36,8,13.5,142.11,KKR
N Rana,PP,neutralish,108,70,33,2,54.0,154.29,GT
VR Iyer,PP,spin,108,69,31,4,27.0,156.52,SRH
WG Jacks,Death,neutralish,106,46,8,3,35.33,230.43,RR
Anmolpreet Singh,Death,spin,106,64,22,6,17.67,165.62,KKR
Mohammad Nabi,Death,spin,105,81,35,13,8.08,129.63,
SV Samson,Death,spin,104,58,11,4,26.0,179.31,GT
Kartik Sharma,PP,pace,104,61,28,1,104.0,170.49,SRH
TL Seifert,Middle,spin,104,85,25,4,26.0,122.35,PBKS
N Pooran,PP,spin,104,84,41,3,34.67,123.81,MI
P Simran Singh,Death,neutralish,103,64,14,5,20.6,160.94,SRH
Sakibul Gani,Death,spin,103,55,21,7,14.71,187.27,RR
Tushar Raheja,Middle,pace,103,59,12,5,20.6,174.58,KKR
Atharva Taide,Middle,spin,103,77,18,5,20.6,133.77,RCB
Anmolpreet Singh,Middle,spin,103,73,21,1,103.0,141.1,KKR
T Stubbs,PP,pace,103,96,51,2,51.5,107.29,CSK
SP Narine,Death,spin,102,45,13,3,34.0,226.67,SRH
D Padikkal,Middle,spin,102,78,27,4,25.5,130.77,RR
Jay Gohil,Middle,spin,101,77,23,3,33.67,131.17,MI
D Brevis,Death,pace,101,54,11,2,50.5,187.04,GT
Arshad Khan,Death,neutralish,100,50,12,4,25.0,200.0,CSK
MR Marsh,PP,spin,100,52,18,3,33.33,192.31,KKR
MS Dhoni,Death,pace,99,63,19,2,49.5,157.14,
MJ Owen,PP,neutralish,99,58,20,3,33.0,170.69,MI
HS Desai,Middle,spin,99,75,27,4,24.75,132.0,SRH
Sakibul Gani,Death,pace,98,60,24,6,16.33,163.33,RR
Nithish Kumar Reddy,Death,pace,98,57,19,5,19.6,171.93,GT
J Fraser-McGurk,Middle,neutralish,98,66,17,6,16.33,148.48,DC
Parth Chandan,Middle,spin,97,64,19,0,,151.56,DC
PWH de Silva,Death,pace,97,53,11,4,24.25,183.02,RCB
KK Nair,Death,neutralish,97,40,9,6,16.17,242.5,CSK
Rashid Khan,Death,spin,96,84,36,4,24.0,114.29,RCB
S Arora,Death,spin,95,48,12,4,23.75,197.92,KKR
Dhruv Jurel,PP,spin,95,69,34,3,31.67,137.68,CSK
YK Pathan,Death,pace,95,83,43,6,15.83,114.46,
HH Pandya,Middle,neutralish,95,52,14,3,31.67,182.69,LSG
BA Stokes,PP,neutralish,95,50,19,3,31.67,190.0,
Abhishek Pathak,Death,spin,95,33,6,1,95.0,287.88,RCB
YK Pathan,Death,spin,95,51,16,4,23.75,186.27,
Priyansh Arya,Death,pace,94,41,8,6,15.67,229.27,RCB
Washington Sundar,Death,neutralish,94,55,14,2,47.0,170.91,RCB
Abdul Samad,Middle,neutralish,94,65,18,1,94.0,144.62,KKR
RG Sharma,Middle,neutralish,94,81,24,4,23.5,116.05,KKR
RM Patidar,Death,neutralish,94,46,11,5,18.8,204.35,RCB
RG Sharma,Death,neutralish,94,49,13,2,47.0,191.84,KKR
Ishaan Gadekar,PP,spin,93,89,53,2,46.5,104.49,
DJ Hooda,Middle,pace,93,76,30,7,13.29,122.37,
Shadab Khan,Death,spin,93,56,19,7,13.29,166.07,
AK Markram,Death,neutralish,93,47,11,2,46.5,197.87,DC
D Padikkal,PP,spin,93,69,29,2,46.5,134.78,RR
JDS Neesham,Middle,pace,93,73,28,1,93.0,127.4,
RR Pant,PP,pace,93,76,40,3,31.0,122.37,
GD Phillips,PP,spin,92,49,23,1,92.0,187.76,RR
Karan Shinde,Death,neutralish,91,49,13,3,30.33,185.71,SRH
RR Rossouw,PP,pace,91,77,43,4,22.75,118.18,
DA Miller,Middle,pace,91,61,20,4,22.75,149.18,
KD Karthik,Death,pace,91,43,14,5,18.2,211.63,
DJ Hooda,Middle,spin,91,68,25,2,45.5,133.82,
RR Rossouw,Middle,neutralish,91,62,14,3,30.33,146.77,
AK Markram,Middle,pace,90,69,27,4,22.5,130.43,DC
AD Russell,Middle,pace,90,86,35,5,18.0,104.65,DC
TH David,Death,spin,90,52,21,7,12.86,173.08,
GF Linde,Death,neutralish,90,36,10,2,45.0,250.0,GT
MJ Owen,Middle,neutralish,89,61,9,3,29.67,145.9,MI
SP Narine,Death,pace,89,44,11,4,22.25,202.27,SRH
Azmatullah Omarzai,Middle,pace,89,65,25,5,17.8,136.92,
MK Lomror,Middle,spin,89,56,16,4,22.25,158.93,
BJ McMullen,Death,spin,88,43,10,4,22.0,204.65,RCB
Shashank Singh,Death,neutralish,88,47,13,4,22.0,187.23,PBKS
MS Pepper,PP,pace,88,51,24,1,88.0,172.55,
DS Airee,Death,spin,88,47,20,9,9.78,187.23,DC
SV Samson,Death,pace,87,49,12,6,14.5,177.55,GT
DS Airee,Middle,spin,87,74,30,4,21.75,117.57,DC
TM Head,Death,pace,87,74,23,8,10.88,117.57,KKR
Ishan Kishan,Death,pace,86,46,12,4,21.5,186.96,KKR
Suryansh Shedge,Middle,pace,86,69,25,5,17.2,124.64,KKR
Atharva Taide,PP,neutralish,86,52,17,2,43.0,165.38,RCB
PP Shaw,PP,neutralish,86,61,25,5,17.2,140.98,
R Ashwin,Death,spin,85,47,15,5,17.0,180.85,PBKS
PJ Cummins,Death,pace,85,64,23,6,14.17,132.81,SRH
WL Madsen,Death,neutralish,84,47,9,3,28.0,178.72,MI
Rohan Kunnummal,Middle,spin,84,51,7,1,84.0,164.71,MI
SS Iyer,PP,neutralish,83,50,21,2,41.5,166.0,KKR
Ravi Singh,Middle,pace,83,51,21,4,20.75,162.75,
Sonu Yadav,Middle,spin,83,46,14,2,41.5,180.43,CSK
TM Head,Middle,neutralish,83,64,18,6,13.83,129.69,KKR
H Klaasen,PP,pace,83,58,29,5,16.6,143.1,
Harpreet Brar,Death,pace,82,60,28,3,27.33,136.67,
RM Patidar,PP,neutralish,82,52,15,1,82.0,157.69,RCB
DR Mousley,Death,pace,82,36,7,4,20.5,227.78,LSG
MJ Owen,Death,spin,81,39,10,4,20.25,207.69,MI
RK Bhui,Middle,pace,81,72,16,2,40.5,112.5,
Babar Azam,PP,pace,80,71,43,3,26.67,112.68,
DR Mousley,PP,spin,80,59,28,2,40.0,135.59,LSG
MA Agarwal,Death,pace,80,32,11,4,20.0,250.0,
AM Rahane,Death,neutralish,80,39,6,0,,205.13,
JJ Smit,Middle,pace,80,59,20,4,20.0,135.59,PBKS
R Powell,PP,pace,80,51,29,0,,156.86,
T Dahiya,Middle,spin,80,58,23,4,20.0,137.93,LSG
R Smaran,Middle,neutralish,80,55,14,5,16.0,145.45,RR
R Shepherd,Death,pace,79,54,26,14,5.64,146.3,SRH
JM Vince,Middle,spin,79,50,7,0,,158.0,CSK
Arshad Khan,Middle,spin,79,68,27,4,19.75,116.18,CSK
Arshad Khan,Middle,pace,79,37,12,0,,213.51,CSK
MA Starc,Death,pace,79,102,68,18,4.39,77.45,MI
YK Pathan,Middle,pace,79,83,34,4,19.75,95.18,
JN Loftie-Eaton,Death,spin,78,55,27,3,26.0,141.82,
F du Plessis,PP,neutralish,78,66,38,4,19.5,118.18,
Tushar Raheja,PP,neutralish,78,46,23,2,39.0,169.57,KKR
Ashutosh Sharma,PP,pace,78,45,21,2,39.0,173.33,GT
AM Rahane,PP,neutralish,78,56,23,3,26.0,139.29,
Parth Chandan,Death,spin,77,47,17,4,19.25,163.83,DC
CH Morris,Death,pace,77,45,12,4,19.25,171.11,
HS Desai,Middle,pace,77,44,11,4,19.25,175.0,SRH
R Parag,PP,spin,77,54,25,1,77.0,142.59,GT
Tarang Gohel,Death,pace,76,32,5,4,19.0,237.5,DC
V Nigam,Middle,neutralish,76,45,16,1,76.0,168.89,GT
M Jansen,Death,pace,76,49,22,5,15.2,155.1,
Jay Gohil,Middle,neutralish,76,44,7,3,25.33,172.73,MI
KD Karthik,Death,neutralish,76,29,6,1,76.0,262.07,
Akshat Raghuwanshi,Middle,spin,76,47,10,1,76.0,161.7,MI
Rahul Singh,Middle,spin,76,62,20,2,38.0,122.58,
BJ McMullen,Death,neutralish,75,42,14,4,18.75,178.57,RCB
MP Stoinis,Death,spin,75,43,14,6,12.5,174.42,
R Ashwin,Middle,pace,75,59,28,2,37.5,127.12,PBKS
Rohan Kunnummal,PP,spin,75,59,31,2,37.5,127.12,MI
MW Short,PP,neutralish,75,51,22,1,75.0,147.06,MI
RA Tripathi,Middle,pace,75,63,29,4,18.75,119.05,
JM Bairstow,Middle,spin,74,52,18,3,24.67,142.31,
MS Dhoni,Death,spin,74,53,21,6,12.33,139.62,
T Banton,Middle,neutralish,74,46,15,1,74.0,160.87,
RR Rossouw,Middle,spin,74,61,23,2,37.0,121.31,
RA Tripathi,Middle,spin,74,43,7,1,74.0,172.09,
Adarsh Singh,Death,pace,74,37,12,4,18.5,200.0,DC
BM Duckett,Death,neutralish,73,36,6,2,36.5,202.78,SRH
SO Hetmyer,Middle,pace,73,62,19,4,18.25,117.74,
Washington Sundar,Middle,spin,73,82,46,6,12.17,89.02,RCB
CH Gayle,Death,neutralish,73,39,8,3,24.33,187.18,RCB
Rishabh Chouhan,Death,spin,73,37,7,1,73.0,197.3,GT
MK Lomror,Death,spin,73,50,20,3,24.33,146.0,
Tanush Kotian,Middle,pace,73,47,10,4,18.25,155.32,CSK
Utkarsh Singh,Middle,spin,73,87,51,9,8.11,83.91,RR
RA Jadeja,Middle,neutralish,72,50,20,3,24.0,144.0,CSK
Abhishek Pathak,PP,spin,72,35,13,3,24.0,205.71,RCB
V Suryavanshi,Death,spin,72,45,12,5,14.4,160.0,PBKS
MS Pepper,Middle,pace,71,60,20,3,23.67,118.33,
R Parag,PP,neutralish,71,46,25,3,23.67,154.35,GT
KK Nair,PP,spin,71,41,14,1,71.0,173.17,CSK
Ashutosh Sharma,Death,neutralish,71,36,13,5,14.2,197.22,GT
HS Desai,PP,spin,71,62,28,2,35.5,114.52,SRH
HC Brook,PP,pace,71,55,26,3,23.67,129.09,GT
RK Singh,Death,spin,70,50,20,4,17.5,140.0,PBKS
MA Agarwal,Middle,pace,70,55,21,2,35.0,127.27,
SU Parakh,Middle,neutralish,70,43,18,4,17.5,162.79,SRH
Sanvir Singh,Death,neutralish,70,35,10,3,23.33,200.0,
LG Pretorius,PP,spin,70,62,27,4,17.5,112.9,
JM Vince,PP,spin,70,64,36,3,23.33,109.38,CSK
SS Iyer,Death,neutralish,70,36,4,2,35.0,194.44,KKR
Sakibul Gani,Middle,pace,70,45,10,1,70.0,155.56,RR
Abhishek Tanwar,Middle,pace,69,36,8,1,69.0,191.67,RCB
Babar Azam,Middle,pace,69,60,18,3,23.0,115.0,
D Forrester,Death,pace,69,25,7,3,23.0,276.0,MI
TP Ura,Middle,neutralish,69,43,9,1,69.0,160.47,PBKS
MS Dhoni,Middle,pace,69,56,22,4,17.25,123.21,
AB de Villiers,Middle,pace,68,38,11,4,17.0,178.95,
Priyansh Arya,Death,neutralish,68,23,6,4,17.0,295.65,RCB
RA Bawa,Death,pace,68,32,10,3,22.67,212.5,SRH
DA Miller,Middle,spin,67,60,17,2,33.5,111.67,
JG Bethell,Death,neutralish,67,33,8,4,16.75,203.03,
SU Parakh,Middle,pace,67,50,11,3,22.33,134.0,SRH
P Simran Singh,Death,pace,67,41,8,4,16.75,163.41,SRH
H Klaasen,Death,pace,67,45,13,2,33.5,148.89,
D Brevis,Middle,pace,66,41,11,2,33.0,160.98,GT
A Badoni,Middle,pace,66,61,30,7,9.43,108.2,SRH
DR Mousley,Death,spin,66,31,11,2,33.0,212.9,LSG
JR Hazlewood,Death,pace,66,76,48,9,7.33,86.84,MI
BM Duckett,Death,spin,66,34,11,3,22.0,194.12,SRH
R Sai Kishore,Death,spin,65,42,21,4,16.25,154.76,GT
DJ Hooda,PP,spin,65,48,18,3,21.67,135.42,
JM Sharma,PP,pace,65,39,19,2,32.5,166.67,RCB
LS Livingstone,Middle,neutralish,64,55,19,5,12.8,116.36,PBKS
LG Pretorius,PP,neutralish,64,34,9,0,,188.24,
Harpreet Brar,Middle,pace,64,47,26,2,32.0,136.17,
Ashutosh Sharma,PP,spin,64,43,19,2,32.0,148.84,GT
JM Bairstow,Middle,pace,63,45,8,3,21.0,140.0,
R Shepherd,Death,neutralish,63,32,12,4,15.75,196.88,SRH
MS Dhoni,Death,neutralish,63,36,8,2,31.5,175.0,
RA Jadeja,Middle,pace,63,51,19,3,21.0,123.53,CSK
SR Hain,Middle,pace,62,46,15,3,20.67,134.78,
JL Smith,Middle,spin,62,43,11,1,62.0,144.19,
RR Pant,PP,spin,62,39,14,5,12.4,158.97,
PP Shaw,Death,spin,62,41,10,3,20.67,151.22,
JG Bethell,Middle,pace,62,44,15,2,31.0,140.91,
AA Kulkarni,PP,neutralish,62,37,15,3,20.67,167.57,SRH
Abhishek Sharma,Death,neutralish,62,36,7,2,31.0,172.22,MI
Suryansh Shedge,Death,neutralish,61,41,18,7,8.71,148.78,KKR
A Badoni,PP,pace,61,48,26,3,20.33,127.08,SRH
DJ Bravo,Death,pace,61,42,21,3,20.33,145.24,
MP Stoinis,PP,neutralish,61,44,15,3,20.33,138.64,
DJ Hooda,Death,spin,61,37,10,4,15.25,164.86,
Rahul Singh,PP,neutralish,61,22,8,0,,277.27,
TP Ura,PP,spin,60,39,20,6,10.0,153.85,PBKS
Yuvraj Chaudhary,Middle,pace,60,41,13,1,60.0,146.34,
YS Chahal,Death,spin,60,57,33,8,7.5,105.26,KKR
Hassan Nawaz,Middle,spin,60,55,16,5,12.0,109.09,
J Overton,Death,pace,60,38,15,2,30.0,157.89,RR
Mohammad Ghazanfar,Death,spin,60,63,37,11,5.45,95.24,RR
Harpreet Brar,Middle,spin,60,52,20,4,15.0,115.38,
RR Pant,Death,spin,59,36,10,4,14.75,163.89,
Kuldeep Yadav,Death,spin,59,105,73,15,3.93,56.19,LSG
Karan Lal,Death,neutralish,59,48,22,3,19.67,122.92,RR
MR Marsh,Death,spin,59,33,11,3,19.67,178.79,KKR
Ritik Vats,Death,neutralish,59,19,2,0,,310.53,DC
Salman Nizar,Death,spin,59,34,8,2,29.5,173.53,
S Arora,Death,pace,59,24,6,2,29.5,245.83,KKR
RR Pant,Death,pace,59,40,10,3,19.67,147.5,
Rashid Khan,Death,neutralish,59,37,17,3,19.67,159.46,RCB
SO Hetmyer,Middle,spin,59,48,19,3,19.67,122.92,
Shakib Al Hasan,Death,spin,58,60,36,5,11.6,96.67,
Bilal Zalmai,Death,spin,58,28,3,0,,207.14,
R Powell,Middle,spin,58,45,16,0,,128.89,
Vishnu Vinod,PP,spin,58,39,18,1,58.0,148.72,GT
HH Pandya,PP,pace,57,39,19,3,19.0,146.15,LSG
C Connolly,PP,spin,57,39,20,3,19.0,146.15,GT
DJ Hooda,Middle,neutralish,57,38,9,3,19.0,150.0,
Akhil Singh Rawat,Death,pace,57,20,4,0,,285.0,KKR
Rajvardhan S Hangargekar,Death,pace,57,26,7,4,14.25,219.23,
AK Markram,PP,pace,57,41,15,1,57.0,139.02,DC
MR Marsh,Death,neutralish,57,36,6,2,28.5,158.33,KKR
KA Maharaj,Death,spin,57,51,30,3,19.0,111.76,RCB
Shashwat Rawat,PP,spin,57,38,15,0,,150.0,
KA Pollard,PP,spin,57,36,15,2,28.5,158.33,RR
Karan Shinde,Middle,pace,56,41,15,1,56.0,136.59,SRH
JC Archer,Death,pace,56,79,59,13,4.31,70.89,DC
RK Bhui,Death,pace,56,47,18,6,9.33,119.15,
HJ Manenti,Death,pace,56,58,37,6,9.33,96.55,RCB
F du Plessis,Middle,neutralish,56,47,13,4,14.0,119.15,
Anmolpreet Singh,PP,pace,56,45,26,1,56.0,124.44,KKR
AR Patel,Death,neutralish,56,37,12,5,11.2,151.35,PBKS
Abhishek Tanwar,Death,pace,56,27,7,4,14.0,207.41,RCB
JG Bethell,Middle,neutralish,56,50,17,1,56.0,112.0,
LS Livingstone,Death,pace,55,28,6,3,18.33,196.43,PBKS
SM Curran,Middle,pace,55,51,29,7,7.86,107.84,RR
T Banton,Death,neutralish,55,35,17,3,18.33,157.14,
Rohan Kunnummal,Middle,pace,55,32,6,3,18.33,171.88,MI
R Ashwin,Death,pace,55,53,20,5,11.0,103.77,PBKS
MG Erasmus,Middle,spin,55,50,26,4,13.75,110.0,
R Parag,PP,pace,55,52,28,1,55.0,105.77,GT
Harnoor Singh,Middle,spin,54,32,6,2,27.0,168.75,RCB
TH David,Death,neutralish,54,39,13,2,27.0,138.46,
Karan Shinde,Middle,spin,54,53,23,2,27.0,101.89,SRH
KD Karthik,PP,pace,53,32,10,2,26.5,165.62,
F du Plessis,Middle,spin,53,44,19,4,13.25,120.45,
Azmatullah Omarzai,Death,pace,53,32,13,5,10.6,165.62,
KA Pollard,PP,neutralish,53,37,12,0,,143.24,RR
DA Warner,PP,pace,53,45,23,2,26.5,117.78,
JG Bethell,Death,spin,53,43,18,5,10.6,123.26,
Chirag Jani,Death,neutralish,53,32,8,4,13.25,165.62,RCB
Hassan Nawaz,Death,neutralish,53,23,5,2,26.5,230.43,
Hassan Nawaz,PP,pace,52,25,9,2,26.0,208.0,
Waseem Muhammad,Middle,pace,52,36,10,2,26.0,144.44,
Jagjit Singh,Middle,pace,52,39,20,1,52.0,133.33,
Shubhang Hegde,Death,pace,52,17,5,2,26.0,305.88,LSG
TH David,Middle,neutralish,52,39,12,4,13.0,133.33,
D Brevis,PP,spin,52,57,28,2,26.0,91.23,GT
B Kumar,Death,pace,52,99,74,13,4.0,52.53,KKR
M Siddharth,Death,spin,52,34,16,7,7.43,152.94,GT
RA Jadeja,Middle,spin,52,48,20,2,26.0,108.33,CSK
Harpreet Brar,Death,spin,52,45,26,4,13.0,115.56,
N Rana,PP,spin,52,47,28,3,17.33,110.64,GT
Harnoor Singh,PP,spin,51,33,17,1,51.0,154.55,RCB
SR Dickson,Middle,pace,51,28,10,1,51.0,182.14,
Akhil Singh Rawat,Death,neutralish,51,22,5,1,51.0,231.82,KKR
Mohammed Shami,Death,pace,51,44,20,5,10.2,115.91,MI
SM Curran,PP,pace,51,38,18,0,,134.21,RR
A Raghuvanshi,PP,pace,51,28,16,4,12.75,182.14,
Shahbaz Ahmed,Death,pace,51,47,28,6,8.5,108.51,KKR
AB de Villiers,Death,pace,51,29,9,5,10.2,175.86,
Ravi Singh,Middle,spin,50,31,12,1,50.0,161.29,
MW Short,Middle,spin,50,38,9,2,25.0,131.58,MI
Karan Lal,Death,spin,50,57,32,9,5.56,87.72,RR
DA Warner,Middle,pace,50,40,14,2,25.0,125.0,
Akshat Raghuwanshi,Middle,pace,50,32,12,0,,156.25,MI
Sanvir Singh,Death,pace,49,34,13,6,8.17,144.12,
N Rana,Death,spin,49,29,9,5,9.8,168.97,GT
TP Ura,Middle,pace,49,24,4,2,24.5,204.17,PBKS
AJ Hosein,Death,spin,49,27,10,3,16.33,181.48,
MS Pepper,Middle,neutralish,49,26,4,1,49.0,188.46,
MS Dhoni,Middle,spin,48,53,26,3,16.0,90.57,
V Nigam,Middle,pace,48,44,9,2,24.0,109.09,GT
Rasikh Salam,Death,pace,48,37,23,4,12.0,129.73,SRH
RA Bawa,Death,neutralish,48,28,13,4,12.0,171.43,SRH
JDS Neesham,Death,pace,48,32,10,6,8.0,150.0,
M Jansen,Middle,pace,48,44,16,2,24.0,109.09,
J Fraser-McGurk,Death,spin,48,25,3,2,24.0,192.0,DC
Bhanu Pania,Death,spin,47,33,14,2,23.5,142.42,
KA Pollard,Death,spin,47,40,18,5,9.4,117.5,RR
PHKD Mendis,Middle,neutralish,47,34,9,1,47.0,138.24,PBKS
Siddhesh Veer,Death,pace,47,14,3,2,23.5,335.71,MI
MS Dhoni,Middle,neutralish,47,24,4,0,,195.83,
FH Allen,Middle,neutralish,47,37,8,3,15.67,127.03,SRH
Jagjit Singh,Death,pace,47,37,14,3,15.67,127.03,
DAJ Bracewell,Middle,pace,47,34,11,5,9.4,138.24,
RE van der Merwe,Death,spin,47,27,10,3,15.67,174.07,CSK
PHKD Mendis,PP,spin,47,50,28,1,47.0,94.0,PBKS
Shakib Al Hasan,Middle,spin,47,50,25,4,11.75,94.0,
DP Conway,Death,spin,46,35,9,7,6.57,131.43,
Sikandar Raza,Middle,pace,46,31,10,0,,148.39,
Anmolpreet Singh,Death,neutralish,46,21,4,2,23.0,219.05,KKR
D Wiese,Death,spin,46,30,15,6,7.67,153.33,KKR
DR Mousley,PP,pace,46,36,15,0,,127.78,LSG
Mohammad Nabi,Middle,spin,46,39,15,0,,117.95,
HV Patel,Middle,pace,46,44,23,3,15.33,104.55,PBKS
R Sai Kishore,Death,pace,46,30,13,2,23.0,153.33,GT
RA Tripathi,PP,spin,46,46,23,3,15.33,100.0,
Ritik Vats,PP,pace,46,20,5,1,46.0,230.0,DC
M Markande,Death,spin,46,50,33,7,6.57,92.0,SRH
Rituraj Sharma,Death,spin,46,23,10,2,23.0,200.0,
DS Rathi,Death,spin,46,47,29,10,4.6,97.87,LSG
RK Singh,Middle,neutralish,46,37,14,1,46.0,124.32,PBKS
Kumar Kushagra,Middle,pace,45,33,10,2,22.5,136.36,RR
Ramandeep Singh,Middle,spin,45,38,15,3,15.0,118.42,RCB
Atharva Taide,Death,neutralish,45,26,4,1,45.0,173.08,RCB
MK Pandey,Middle,spin,45,24,9,1,45.0,187.5,
H Klaasen,Death,neutralish,45,24,8,3,15.0,187.5,
DA Miller,Death,pace,45,33,9,2,22.5,136.36,
SO Hetmyer,Death,pace,45,35,14,3,15.0,128.57,
A Mhatre,PP,pace,45,44,27,5,9.0,102.27,
WG Jacks,PP,neutralish,44,41,23,5,8.8,107.32,RR
GD Phillips,Middle,neutralish,44,19,3,2,22.0,231.58,RR
AGS Gous,PP,pace,44,32,16,1,44.0,137.5,LSG
C Connolly,Middle,neutralish,44,28,5,1,44.0,157.14,GT
GF Linde,Middle,neutralish,44,45,20,4,11.0,97.78,GT
HV Patel,Death,spin,44,31,11,4,11.0,141.94,PBKS
Azmatullah Omarzai,Middle,spin,44,26,8,1,44.0,169.23,
Shahbaz Ahmed,Middle,pace,44,31,10,2,22.0,141.94,KKR
G Coetzee,Death,pace,43,36,9,0,,119.44,
Shashank Singh,PP,pace,43,29,10,3,14.33,148.28,PBKS
Gaurav Puri,Death,neutralish,43,19,4,3,14.33,226.32,
Siddhesh Veer,Death,spin,43,25,8,3,14.33,172.0,MI
MG Bracewell,Death,neutralish,43,14,3,2,21.5,307.14,
JR Hazlewood,Middle,pace,43,39,23,3,14.33,110.26,MI
Nithish Kumar Reddy,PP,pace,43,42,21,2,21.5,102.38,GT
MK Pandey,PP,pace,43,54,37,2,21.5,79.63,
Arshdeep Singh,Death,spin,43,42,23,3,14.33,102.38,LSG
Sikandar Raza,Death,pace,43,29,9,1,43.0,148.28,
Hassan Nawaz,Middle,pace,42,33,18,4,10.5,127.27,
Chirag Jani,Middle,spin,42,39,18,5,8.4,107.69,RCB
Tushar Raheja,Middle,spin,42,32,7,4,10.5,131.25,KKR
A Mhatre,PP,spin,42,30,13,2,21.0,140.0,
Harshit Rana,Death,pace,42,53,31,8,5.25,79.25,
Virat Singh,PP,spin,42,37,23,2,21.0,113.51,
AB de Villiers,PP,spin,42,40,22,0,,105.0,
Shubman Gill,Death,neutralish,42,23,3,3,14.0,182.61,LSG
JM Coles,Middle,spin,42,55,27,6,7.0,76.36,
Akhil Singh Rawat,Death,spin,42,17,7,3,14.0,247.06,KKR
N Wadhera,Death,neutralish,42,21,8,3,14.0,200.0,
M Shahrukh Khan,Middle,spin,42,44,20,5,8.4,95.45,
Rohan Kunnummal,Death,spin,42,18,4,1,42.0,233.33,MI
SB Dubey,Death,pace,42,31,14,3,14.0,135.48,
MS Bhandage,Death,pace,42,22,9,2,21.0,190.91,PBKS
Hassan Nawaz,PP,neutralish,41,42,24,0,,97.62,
VR Iyer,PP,pace,41,27,13,1,41.0,151.85,SRH
RD Chahar,Death,spin,41,29,12,3,13.67,141.38,
Rashid Khan,Middle,pace,41,40,19,4,10.25,102.5,RCB
SL Malinga,Death,pace,41,30,18,0,,136.67,
B Sai Sudharsan,Death,neutralish,41,33,11,3,13.67,124.24,MI
FH Allen,Death,spin,41,23,6,0,,178.26,SRH
Akash Vasisht,Middle,spin,41,37,16,0,,110.81,DC
RR Rossouw,Death,spin,41,20,4,3,13.67,205.0,
AR Ramjani,Death,pace,41,29,12,4,10.25,141.38,PBKS
AR Ramjani,Death,spin,41,65,40,6,6.83,63.08,PBKS
BA Stokes,Middle,spin,41,29,13,3,13.67,141.38,
WL Madsen,PP,pace,41,39,20,1,41.0,105.13,MI
Usman Khan (2),PP,neutralish,41,22,7,1,41.0,186.36,
Rahul Singh,Death,spin,41,23,5,4,10.25,178.26,
HC Brook,Death,pace,40,20,6,3,13.33,200.0,GT
PJ Cummins,Middle,pace,40,29,11,2,20.0,137.93,SRH
Q de Kock,PP,neutralish,40,24,3,2,20.0,166.67,
Mohammad Nabi,Middle,pace,40,24,8,2,20.0,166.67,
WL Madsen,PP,neutralish,40,27,8,0,,148.15,MI
Usman Khan (2),Middle,neutralish,40,29,9,1,40.0,137.93,
V Puthur,Death,spin,40,41,27,7,5.71,97.56,RCB
Rahul Singh,PP,spin,40,33,13,3,13.33,121.21,
Ajay Rohera,Death,pace,39,17,3,1,39.0,229.41,LSG
MK Lomror,Middle,pace,39,26,7,1,39.0,150.0,
CV Varun,Death,spin,39,62,41,9,4.33,62.9,PBKS
Vansh Bedi,PP,pace,39,27,16,1,39.0,144.44,PBKS
JM Coles,Death,spin,39,29,9,3,13.0,134.48,
JM Vince,Middle,neutralish,39,26,4,1,39.0,150.0,CSK
Chirag Jani,PP,pace,39,21,7,1,39.0,185.71,RCB
Kunal Chandela,Middle,spin,39,23,10,0,,169.57,
SPD Smith,PP,spin,38,40,22,4,9.5,95.0,
Urvil Patel,Death,neutralish,38,16,3,1,38.0,237.5,MI
Azmatullah Omarzai,Death,spin,38,23,5,0,,165.22,
M Prasidh Krishna,Death,pace,38,36,15,6,6.33,105.56,KKR
K Kartikeya,Death,spin,38,22,8,4,9.5,172.73,MI
D Padikkal,Death,neutralish,38,22,5,0,,172.73,RR
Kranthi Kumar,Death,pace,38,16,4,1,38.0,237.5,CSK
DP Conway,Death,pace,38,28,9,2,19.0,135.71,
D Wiese,Middle,pace,38,36,18,7,5.43,105.56,KKR
Ritik Vats,Death,spin,38,21,10,2,19.0,180.95,DC
AR Patel,Middle,neutralish,38,23,11,2,19.0,165.22,PBKS
Gaurav Puri,Middle,spin,38,31,13,1,38.0,122.58,
VR Iyer,PP,neutralish,38,10,0,0,,380.0,SRH
AA Kulkarni,Death,neutralish,37,13,2,1,37.0,284.62,SRH
PD Salt,Death,neutralish,37,21,4,2,18.5,176.19,PBKS
Shahbaz Ahmed,Middle,spin,37,41,25,5,7.4,90.24,KKR
Ajay Rohera,PP,neutralish,37,22,8,1,37.0,168.18,LSG
J Overton,Death,neutralish,37,21,12,3,12.33,176.19,RR
Ramandeep Singh,Death,spin,37,26,9,4,9.25,142.31,RCB
VG Arora,Death,pace,37,31,18,4,9.25,119.35,
MA Starc,Middle,pace,37,20,7,0,,185.0,MI
HV Patel,Middle,spin,37,31,17,2,18.5,119.35,PBKS
Avesh Khan,Death,pace,37,40,24,7,5.29,92.5,LSG
CH Morris,Middle,pace,37,22,8,1,37.0,168.18,
MK Lomror,Middle,neutralish,37,32,9,1,37.0,115.62,
Jaskaran Singh,Death,pace,37,28,15,3,12.33,132.14,
MK Pandey,Middle,neutralish,37,28,14,0,,132.14,
Sakibul Gani,Middle,spin,37,20,5,1,37.0,185.0,RR
D Wiese,Death,neutralish,37,19,5,3,12.33,194.74,KKR
Ashutosh Sharma,Middle,neutralish,37,29,11,1,37.0,127.59,GT
MP Yadav,Death,pace,37,34,15,6,6.17,108.82,KKR
HH Pandya,PP,neutralish,37,20,5,1,37.0,185.0,LSG
Ritik Vats,PP,spin,37,17,5,0,,217.65,DC
AJ Turner,Middle,spin,36,33,12,1,36.0,109.09,
Q de Kock,Death,spin,36,17,4,2,18.0,211.76,
MW Short,Death,pace,36,15,4,3,12.0,240.0,MI
Shaheen Shah Afridi,Death,pace,36,52,33,6,6.0,69.23,DC
Sameer Rizvi,PP,spin,36,24,7,0,,150.0,LSG
AB de Villiers,PP,pace,36,29,17,3,12.0,124.14,
YK Pathan,Death,neutralish,36,23,7,3,12.0,156.52,
RD Rickelton,Death,pace,36,23,6,4,9.0,156.52,RR
Rituraj Sharma,Middle,spin,36,27,10,2,18.0,133.33,
RD Rickelton,Death,spin,36,22,9,4,9.0,163.64,RR
TH David,PP,pace,36,21,10,2,18.0,171.43,
Abdul Samad,PP,neutralish,36,23,11,0,,156.52,KKR
Ishan Kishan,Death,neutralish,36,21,6,3,12.0,171.43,KKR
Rishabh Chouhan,Death,neutralish,36,13,2,0,,276.92,GT
SM Curran,Death,pace,36,40,20,3,12.0,90.0,RR
MA Agarwal,Death,spin,36,14,5,3,12.0,257.14,
R Tewatia,Death,spin,36,31,11,5,7.2,116.13,
Shubhang Hegde,Death,spin,36,18,7,3,12.0,200.0,LSG
Akash Vasisht,PP,spin,36,25,14,3,12.0,144.0,DC
LG Pretorius,Middle,pace,36,23,4,1,36.0,156.52,
TA Boult,Death,neutralish,35,13,2,0,,269.23,
SV Samson,Death,neutralish,35,25,8,4,8.75,140.0,GT
Swapnil Singh,Death,spin,35,31,17,7,5.0,112.9,
Yuvraj Chaudhary,PP,pace,35,23,8,1,35.0,152.17,
Rashid Khan,Middle,spin,35,31,13,3,11.67,112.9,RCB
Akshat Raghuwanshi,PP,pace,35,19,10,2,17.5,184.21,MI
Sonu Yadav,Death,pace,35,29,18,4,8.75,120.69,CSK
AA Kulkarni,Middle,neutralish,35,34,10,2,17.5,102.94,SRH
Khrievitso Kense,Death,spin,35,31,13,3,11.67,112.9,
Bilal Zalmai,Middle,pace,35,26,5,0,,134.62,
Rahul Singh,Middle,neutralish,35,27,7,2,17.5,129.63,
JM Vince,PP,neutralish,35,21,6,0,,166.67,CSK
HV Patel,Death,pace,35,50,28,9,3.89,70.0,PBKS
R Powell,Death,spin,35,33,19,5,7.0,106.06,
TU Deshpande,Middle,pace,35,28,16,3,11.67,125.0,
Sunny Sandhu,Death,pace,35,17,6,1,35.0,205.88,DC
Sunny Sandhu,Middle,spin,35,26,11,0,,134.62,DC
T Banton,Death,spin,34,17,3,3,11.33,200.0,
Vishnu Vinod,Death,pace,34,17,7,1,34.0,200.0,GT
Shadab Khan,Middle,spin,34,16,4,2,17.0,212.5,
SR Dickson,Middle,spin,34,32,11,2,17.0,106.25,
Nithish Kumar Reddy,PP,spin,34,36,18,1,34.0,94.44,GT
JC Archer,Middle,pace,34,41,23,4,8.5,82.93,DC
PP Shaw,Middle,neutralish,34,19,4,2,17.0,178.95,
MM Ali,Death,spin,34,20,5,4,8.5,170.0,
DW Lawrence,Death,neutralish,34,19,3,2,17.0,178.95,
RR Rossouw,Death,neutralish,34,24,8,5,6.8,141.67,
Utkarsh Singh,Death,neutralish,34,23,9,1,34.0,147.83,RR
S Gill,Death,pace,34,18,8,2,17.0,188.89,RCB
Sumit Kumar,Death,pace,34,30,13,2,17.0,113.33,
Azmatullah Omarzai,Death,neutralish,34,24,6,0,,141.67,
M Theekshana,Death,spin,34,42,27,3,11.33,80.95,
TB Robinson,Middle,neutralish,34,26,9,1,34.0,130.77,
Ashutosh Sharma,Middle,spin,33,32,14,6,5.5,103.12,GT
Vishnu Vinod,Middle,spin,33,42,18,5,6.6,78.57,GT
Salman Nizar,Death,pace,33,24,9,2,16.5,137.5,
JJ Bumrah,Death,pace,33,40,27,12,2.75,82.5,DC
Anmolpreet Singh,Middle,neutralish,33,30,9,3,11.0,110.0,KKR
JM Sharma,PP,spin,33,22,7,1,33.0,150.0,RCB
S Arora,PP,neutralish,33,15,4,1,33.0,220.0,KKR
Ajay Rohera,Middle,neutralish,33,23,2,0,,143.48,LSG
AHT Donald,Middle,neutralish,33,19,7,1,33.0,173.68,
Salman Nizar,Middle,spin,33,29,8,1,33.0,113.79,
LUVNITH SISODIA,PP,spin,33,19,7,0,,173.68,
Noor Ahmad,Death,spin,33,33,22,5,6.6,100.0,KKR
AJ Turner,Death,spin,33,22,5,1,33.0,150.0,
JG Bethell,Death,pace,33,15,3,2,16.5,220.0,
T Stubbs,PP,neutralish,33,25,9,0,,132.0,CSK
CH Gayle,Death,spin,32,25,9,5,6.4,128.0,RCB
D Padikkal,Death,pace,32,20,10,2,16.0,160.0,RR
C Connolly,Middle,spin,32,28,8,0,,114.29,GT
Akash Vasisht,PP,neutralish,32,21,11,1,32.0,152.38,DC
JE Root,Middle,spin,32,17,4,1,32.0,188.24,SRH
A Mhatre,Middle,pace,32,20,5,1,32.0,160.0,
AHT Donald,PP,neutralish,32,14,4,1,32.0,228.57,
PHKD Mendis,PP,pace,32,24,14,0,,133.33,PBKS
Akshat Raghuwanshi,Death,spin,32,15,4,0,,213.33,MI
Ravi Singh,Death,neutralish,32,23,8,4,8.0,139.13,
DA Miller,Middle,neutralish,32,19,7,1,32.0,168.42,
Faisal Khan,Death,spin,32,19,4,2,16.0,168.42,
KD Karthik,Death,spin,32,35,20,4,8.0,91.43,
Shadab Khan,Death,pace,32,24,8,0,,133.33,
BA Stokes,Middle,neutralish,32,19,6,1,32.0,168.42,
C Green,PP,neutralish,31,20,11,0,,155.0,KKR
Ravi Bishnoi,Death,spin,31,65,48,10,3.1,47.69,SRH
AHT Donald,Middle,spin,31,18,4,1,31.0,172.22,
Abhishek Pathak,PP,neutralish,31,27,15,1,31.0,114.81,RCB
MK Pandey,Death,pace,31,22,7,1,31.0,140.91,
Ankit Kumar,Middle,pace,31,20,3,1,31.0,155.0,
Akshat Raghuwanshi,Death,pace,31,17,5,2,15.5,182.35,MI
SZ Mulani,Death,spin,31,41,23,5,6.2,75.61,
Siddhesh Veer,Middle,pace,31,23,9,0,,134.78,MI
SPD Smith,PP,pace,31,34,18,1,31.0,91.18,
PD Salt,Death,spin,31,18,4,1,31.0,172.22,PBKS
RR Pant,Death,neutralish,31,17,5,1,31.0,182.35,
C Green,Death,neutralish,31,17,6,6,5.17,182.35,KKR
Shashwat Rawat,PP,neutralish,30,15,6,1,30.0,200.0,
MS Pepper,Death,pace,30,18,5,2,15.0,166.67,
HS Desai,Middle,neutralish,30,20,5,2,15.0,150.0,SRH
Ramandeep Singh,PP,spin,30,17,6,0,,176.47,RCB
Arshdeep Singh,Death,pace,30,46,32,4,7.5,65.22,LSG
Washington Sundar,PP,pace,30,20,12,0,,150.0,RCB
TM Head,Death,spin,30,21,6,3,10.0,142.86,KKR
Hemang Patel,Death,pace,30,22,11,2,15.0,136.36,
RR Rossouw,PP,spin,30,30,17,3,10.0,100.0,
Samant Jakhar,Middle,spin,30,27,11,1,30.0,111.11,
R Powell,Middle,neutralish,30,19,6,3,10.0,157.89,
Siddhesh Veer,Death,neutralish,30,15,2,0,,200.0,MI
SH Johnson,Death,spin,29,17,8,2,14.5,170.59,KKR
Yudhvir Singh,Death,pace,29,21,8,1,29.0,138.1,RR
RA Bawa,Death,spin,29,14,5,3,9.67,207.14,SRH
Rahul Singh,Death,pace,29,16,5,1,29.0,181.25,
SR Watson,Middle,pace,29,20,2,2,14.5,145.0,
Yuvraj Chaudhary,Death,pace,29,20,8,3,9.67,145.0,
Sikandar Raza,PP,spin,29,26,13,0,,111.54,
AM Hardie,Death,pace,29,18,4,0,,161.11,CSK
Sonu Yadav,Middle,pace,29,28,13,1,29.0,103.57,CSK
Ravi Singh,Middle,neutralish,29,10,0,0,,290.0,
GF Linde,Death,pace,29,23,11,2,14.5,126.09,GT
Mangesh Yadav,Death,pace,29,16,8,1,29.0,181.25,GT
Shakib Al Hasan,Death,neutralish,29,16,2,0,,181.25,
A Zampa,Death,spin,29,33,21,4,7.25,87.88,SRH
SPD Smith,Middle,pace,29,17,3,1,29.0,170.59,
MK Lomror,Death,neutralish,29,14,3,1,29.0,207.14,
Shashwat Rawat,PP,pace,29,20,10,0,,145.0,
RE van der Merwe,Death,pace,29,16,9,2,14.5,181.25,CSK
Bhanu Pania,Middle,spin,29,26,8,0,,111.54,
DW Lawrence,Middle,spin,28,38,19,2,14.0,73.68,
Sakibul Gani,Death,neutralish,28,8,2,1,28.0,350.0,RR
Anmol Malhotra,Middle,pace,28,25,11,1,28.0,112.0,
D Brevis,PP,pace,28,18,9,0,,155.56,GT
Atharva Ankolekar,Death,spin,28,22,14,4,7.0,127.27,RR
RR Pant,Middle,neutralish,28,23,6,2,14.0,121.74,
Gaurav Puri,Death,spin,28,17,8,5,5.6,164.71,
Abdul Samad,PP,pace,28,26,16,2,14.0,107.69,KKR
SH Johnson,Death,pace,28,25,12,4,7.0,112.0,KKR
Adarsh Singh,Middle,pace,28,24,6,0,,116.67,DC
Naveen-ul-Haq,Death,spin,28,18,10,1,28.0,155.56,
YK Pathan,Middle,spin,28,30,16,2,14.0,93.33,
M Shahrukh Khan,Middle,pace,28,22,9,3,9.33,127.27,
KH Pandya,Middle,pace,28,12,4,1,28.0,233.33,SRH
S Arora,PP,spin,28,14,5,2,14.0,200.0,KKR
MG Erasmus,Death,spin,28,19,9,3,9.33,147.37,
AHT Donald,PP,spin,28,16,6,2,14.0,175.0,
TA Boult,Middle,pace,28,18,6,1,28.0,155.56,
AGS Gous,Death,pace,28,13,2,1,28.0,215.38,LSG
BA Stokes,PP,spin,27,22,10,4,6.75,122.73,
V Suryavanshi,Death,neutralish,27,14,1,1,27.0,192.86,PBKS
Yash Thakur,Death,pace,27,38,22,2,13.5,71.05,
Abdul Samad,PP,spin,27,19,8,1,27.0,142.11,KKR
Babar Azam,Middle,spin,27,25,9,2,13.5,108.0,
R Smaran,PP,neutralish,27,20,7,0,,135.0,RR
Naveen-ul-Haq,Death,pace,27,25,14,1,27.0,108.0,
AR Patel,PP,spin,27,16,6,0,,168.75,PBKS
DL Chahar,Middle,pace,27,17,6,0,,158.82,
A Manohar,Death,spin,27,21,10,3,9.0,128.57,RCB
Parvej Musaraf,Death,spin,27,14,5,2,13.5,192.86,
R Sai Kishore,Death,neutralish,27,23,13,4,6.75,117.39,GT
RK Bhui,Death,spin,27,17,6,2,13.5,158.82,
TB Robinson,PP,pace,27,21,10,1,27.0,128.57,
DW Lawrence,Death,spin,26,11,2,0,,236.36,
PWH de Silva,Death,neutralish,26,9,2,2,13.0,288.89,RCB
Hemang Patel,Middle,pace,26,22,11,1,26.0,118.18,
Tripuresh Singh,Death,pace,26,19,12,1,26.0,136.84,SRH
DJ Hooda,PP,neutralish,26,16,5,0,,162.5,
JA Duffy,Death,spin,26,10,2,1,26.0,260.0,LSG
PN Mankad,Middle,pace,26,21,7,0,,123.81,
SR Watson,Death,pace,26,12,2,1,26.0,216.67,
SU Parakh,Middle,spin,26,22,12,2,13.0,118.18,SRH
D Padikkal,Death,spin,26,15,4,2,13.0,173.33,RR
R Tewatia,Middle,pace,26,24,12,4,6.5,108.33,
B Kumar,Death,spin,26,42,29,4,6.5,61.9,KKR
A Badoni,PP,neutralish,26,15,6,1,26.0,173.33,SRH
JO Holder,Death,pace,26,11,2,1,26.0,236.36,
SM Curran,Death,neutralish,26,17,4,2,13.0,152.94,RR
Ankit Kumar,PP,spin,26,24,14,1,26.0,108.33,
Bhanu Pania,Middle,pace,26,24,11,1,26.0,108.33,
Abhishek Pathak,Middle,neutralish,26,17,3,1,26.0,152.94,RCB
Sikandar Raza,Middle,neutralish,26,15,5,2,13.0,173.33,
Kumar Kushagra,Death,pace,26,11,3,2,13.0,236.36,RR
MS Pepper,PP,spin,26,30,20,2,13.0,86.67,
Virat Singh,PP,pace,25,13,6,2,12.5,192.31,
AJ Tye,Death,pace,25,22,11,2,12.5,113.64,
LG Pretorius,Middle,neutralish,25,20,8,2,12.5,125.0,
Utkarsh Singh,Death,pace,25,15,6,1,25.0,166.67,RR
Akshay Karnewar,Death,spin,25,16,4,0,,156.25,
Hassan Nawaz,Death,pace,25,8,1,1,25.0,312.5,
Rashid Khan,Death,pace,25,21,8,3,8.33,119.05,RCB
TA Boult,Death,spin,25,14,2,1,25.0,178.57,
RA Tripathi,Death,pace,25,14,1,0,,178.57,
Ankit Kumar,PP,neutralish,25,11,6,2,12.5,227.27,
Priyansh Arya,Death,spin,25,16,3,2,12.5,156.25,RCB
Sandeep Sharma,Death,pace,25,19,7,1,25.0,131.58,
KH Pandya,Middle,neutralish,25,15,4,0,,166.67,SRH
Washington Sundar,Middle,neutralish,24,19,8,0,,126.32,RCB
D Potgieter,Death,pace,24,18,7,2,12.0,133.33,
Hassan Nawaz,Death,spin,24,12,3,1,24.0,200.0,
Ashutosh Sharma,Death,spin,24,17,7,2,12.0,141.18,GT
DS Airee,Death,pace,24,14,5,1,24.0,171.43,DC
GF Linde,Middle,spin,24,31,19,1,24.0,77.42,GT
A Manohar,Middle,spin,24,18,3,0,,133.33,RCB
A Manohar,Death,pace,24,16,5,1,24.0,150.0,RCB
Bhanu Pania,PP,pace,24,18,9,0,,133.33,
Ankit Kumar,Middle,neutralish,24,21,6,2,12.0,114.29,
MS Pepper,Middle,spin,24,17,5,2,12.0,141.18,
M Theekshana,Death,pace,24,12,5,0,,200.0,
H Klaasen,PP,neutralish,24,24,11,1,24.0,100.0,
KH Pandya,Middle,spin,23,40,22,3,7.67,57.5,SRH
Mohammed Siraj,Middle,spin,23,8,2,0,,287.5,
RK Singh,PP,pace,23,24,15,3,7.67,95.83,PBKS
Salman Nizar,Middle,pace,23,29,9,1,23.0,79.31,
JM Vince,Death,neutralish,23,13,4,1,23.0,176.92,CSK
TH David,PP,neutralish,23,12,5,1,23.0,191.67,
HS Desai,PP,pace,23,12,3,0,,191.67,SRH
J Fraser-McGurk,Death,pace,23,7,2,2,11.5,328.57,DC
Shahbaz Ahmed,PP,pace,23,8,3,0,,287.5,KKR
KK Ahmed,Death,pace,23,21,11,3,7.67,109.52,
DR Mousley,PP,neutralish,23,14,6,1,23.0,164.29,LSG
JN Loftie-Eaton,Middle,spin,23,22,12,0,,104.55,
JE Root,PP,spin,23,22,12,1,23.0,104.55,SRH
KK Nair,PP,neutralish,23,17,9,0,,135.29,CSK
Ashutosh Aman,Death,spin,23,12,5,2,11.5,191.67,
Kumar Kushagra,Middle,spin,23,29,12,4,5.75,79.31,RR
Ritik Vats,Middle,pace,23,24,8,2,11.5,95.83,DC
RR Rossouw,PP,neutralish,23,14,8,1,23.0,164.29,
T Dahiya,PP,spin,23,11,6,0,,209.09,LSG
CH Morris,Middle,spin,23,20,9,2,11.5,115.0,
AR Ramjani,Death,neutralish,23,15,5,1,23.0,153.33,PBKS
AS Roy,Death,pace,23,16,6,1,23.0,143.75,
WL Madsen,Death,pace,23,14,3,1,23.0,164.29,MI
Yudhvir Singh,Death,neutralish,23,9,2,1,23.0,255.56,RR
MP Stoinis,Middle,neutralish,23,14,5,2,11.5,164.29,
LR Chethan,Death,neutralish,23,14,5,0,,164.29,LSG
S Lamichhane,Death,spin,23,16,8,4,5.75,143.75,MI
Q de Kock,Death,pace,23,13,3,2,11.5,176.92,
Ashutosh Sharma,PP,neutralish,22,20,8,0,,110.0,GT
A Raghuvanshi,Middle,pace,22,27,9,3,7.33,81.48,
AR Patel,PP,neutralish,22,23,12,0,,95.65,PBKS
T Dahiya,Death,spin,22,16,4,2,11.0,137.5,LSG
Ehsan Khan,Death,spin,22,34,25,4,5.5,64.71,CSK
MJ Owen,Death,neutralish,22,16,7,3,7.33,137.5,MI
DP Conway,Middle,neutralish,22,17,3,0,,129.41,
SE Rutherford,Middle,pace,22,16,8,1,22.0,137.5,
KD Karthik,Middle,neutralish,22,14,5,2,11.0,157.14,
Ajay Rohera,Middle,spin,22,11,2,1,22.0,200.0,LSG
DA Warner,PP,spin,22,17,3,2,11.0,129.41,
JJ Bumrah,Middle,spin,22,12,4,2,11.0,183.33,DC
Akash Pawar,Death,pace,22,11,4,1,22.0,200.0,
Z Khan,Death,pace,22,21,11,1,22.0,104.76,
J Suresh Kumar,PP,spin,21,17,8,1,21.0,123.53,PBKS
Samarth Vyas,PP,spin,21,16,12,1,21.0,131.25,
TB Robinson,Death,neutralish,21,7,1,1,21.0,300.0,
AS Roy,Death,spin,21,19,9,3,7.0,110.53,
Dhruv Jurel,Middle,neutralish,21,20,11,1,21.0,105.0,CSK
YS Chahal,Middle,spin,21,11,4,2,10.5,190.91,KKR
Arslan Khan,PP,neutralish,21,10,4,0,,210.0,
Shaheen Shah Afridi,Middle,spin,21,14,7,1,21.0,150.0,DC
Mohammad Ghazanfar,Death,pace,21,19,14,2,10.5,110.53,RR
Gurnoor Brar,Death,pace,21,16,10,2,10.5,131.25,DC
Tarang Gohel,Death,neutralish,21,12,5,3,7.0,175.0,DC
Gaurav Puri,Middle,neutralish,21,17,4,0,,123.53,
LS Livingstone,Death,neutralish,21,14,3,0,,150.0,PBKS
Sachin Baby,Middle,spin,21,18,6,1,21.0,116.67,CSK
D Ferreira,Middle,pace,21,20,9,3,7.0,105.0,
Avesh Khan,Middle,pace,21,27,15,2,10.5,77.78,LSG
Yashvardhan Dalal,Middle,spin,21,17,5,1,21.0,123.53,
SO Hetmyer,PP,spin,21,20,7,1,21.0,105.0,
M Pathirana,Death,pace,21,35,25,10,2.1,60.0,CSK
Naseem Shah,Death,neutralish,21,10,2,0,,210.0,
G Coetzee,Middle,pace,21,16,6,1,21.0,131.25,
Parth Chandan,PP,spin,21,14,6,0,,150.0,DC
Swapnil Singh,Middle,pace,21,12,4,1,21.0,175.0,
Fazalhaq Farooqi,Death,pace,21,24,13,5,4.2,87.5,GT
JJ Smit,Middle,neutralish,21,22,8,0,,95.45,PBKS
AM Hardie,PP,spin,21,25,19,0,,84.0,CSK
GJ Maxwell,Death,neutralish,21,16,2,1,21.0,131.25,DC
Akshat Raghuwanshi,PP,spin,21,17,11,0,,123.53,MI
K Gowtham,Middle,pace,21,15,6,1,21.0,140.0,
Suryansh Shedge,Middle,spin,21,31,18,2,10.5,67.74,KKR
YK Pathan,Middle,neutralish,21,18,7,2,10.5,116.67,
Karan Shinde,Middle,neutralish,21,15,6,1,21.0,140.0,SRH
Yudhvir Singh,Middle,pace,20,15,6,2,10.0,133.33,RR
RA Bawa,Middle,spin,20,14,5,1,20.0,142.86,SRH
Vansh Bedi,Death,neutralish,20,10,3,0,,200.0,PBKS
SS Ghosh,Death,pace,20,27,21,4,5.0,74.07,RCB
Akshat Raghuwanshi,PP,neutralish,20,11,5,1,20.0,181.82,MI
MM Ali,Middle,spin,20,28,19,2,10.0,71.43,
Kumar Kushagra,PP,neutralish,20,17,9,0,,117.65,RR
SB Dubey,Middle,neutralish,20,12,4,0,,166.67,
Saim Ayub,Middle,neutralish,20,17,2,0,,117.65,
Shubhang Hegde,Middle,spin,20,15,8,0,,133.33,LSG
V Nigam,PP,neutralish,20,13,5,1,20.0,153.85,GT
Ashwin Das,Death,pace,20,26,16,3,6.67,76.92,LSG
MADI Hemantha,Middle,spin,20,11,6,1,20.0,181.82,
Shahbaz Ahmed,Death,neutralish,20,11,4,1,20.0,181.82,KKR
Tanay Thyagarajan,Death,spin,20,18,11,5,4.0,111.11,CSK
Umran Malik,Death,pace,20,9,4,1,20.0,222.22,
Kartik Sharma,PP,neutralish,19,8,3,0,,237.5,SRH
LG Pretorius,PP,pace,19,17,8,2,9.5,111.76,
Kumar Kushagra,Death,neutralish,19,11,4,4,4.75,172.73,RR
Bilal Zalmai,PP,spin,19,10,4,1,19.0,190.0,
M Shahrukh Khan,Death,spin,19,10,3,2,9.5,190.0,
Ravi Bishnoi,Middle,spin,19,15,9,0,,126.67,SRH
Karan Lal,Middle,spin,19,29,15,2,9.5,65.52,RR
T Banton,Middle,pace,19,10,3,0,,190.0,
Akash Vasisht,Death,neutralish,19,19,13,2,9.5,100.0,DC
T Natarajan,Death,neutralish,19,13,6,1,19.0,146.15,RR
JN Loftie-Eaton,PP,neutralish,19,21,13,2,9.5,90.48,
T Natarajan,Death,pace,19,18,13,6,3.17,105.56,RR
T Natarajan,Death,spin,19,11,7,1,19.0,172.73,RR
JE Root,PP,pace,19,14,6,1,19.0,135.71,SRH
J Suchith,Death,spin,19,13,4,1,19.0,146.15,
DP Conway,Death,neutralish,19,12,3,0,,158.33,
Harpreet Brar,Death,neutralish,19,10,2,1,19.0,190.0,
Vishnu Vinod,Middle,pace,19,20,6,1,19.0,95.0,GT
Sanvir Singh,Middle,pace,19,27,13,2,9.5,70.37,
Bilal Zalmai,Death,neutralish,19,5,1,1,19.0,380.0,
Salman Nizar,PP,pace,19,20,11,2,9.5,95.0,
Mohammed Siraj,Death,pace,19,14,6,2,9.5,135.71,
PJ Cummins,Death,spin,19,20,7,1,19.0,95.0,SRH
PHKD Mendis,Death,neutralish,19,13,6,3,6.33,146.15,PBKS
C Sakariya,Death,spin,19,14,6,1,19.0,135.71,RR
AJ Hosein,Middle,spin,19,29,19,2,9.5,65.52,
Hassan Nawaz,PP,spin,18,6,1,0,,300.0,
Bilal Zalmai,Death,pace,18,10,3,1,18.0,180.0,
Shaheen Shah Afridi,Middle,pace,18,26,19,3,6.0,69.23,DC
Shaheen Shah Afridi,Death,spin,18,14,9,1,18.0,128.57,DC
A Raghuvanshi,PP,spin,18,21,15,4,4.5,85.71,
SP Narine,Death,neutralish,18,8,1,1,18.0,225.0,SRH
N Pooran,PP,neutralish,18,15,9,0,,120.0,MI
MJ Santner,Death,spin,18,24,7,2,9.0,75.0,
D Visser,Middle,spin,18,19,11,3,6.0,94.74,
R Powell,PP,spin,18,10,5,1,18.0,180.0,
Suyash Sharma,Death,spin,18,14,5,0,,128.57,
MK Lomror,Death,pace,18,9,3,2,9.0,200.0,
Sanskar Rawat,PP,spin,18,20,14,2,9.0,90.0,
AM Hardie,PP,neutralish,18,12,6,1,18.0,150.0,CSK
Fazalhaq Farooqi,Death,neutralish,18,13,5,0,,138.46,GT
RA Tripathi,Death,neutralish,18,12,3,0,,150.0,
Yuvraj Singh,Death,pace,18,10,5,1,18.0,180.0,
JN Loftie-Eaton,Death,neutralish,17,6,1,0,,283.33,
CA Lynn,PP,spin,17,16,10,0,,106.25,LSG
JR Hazlewood,Death,spin,17,18,10,2,8.5,94.44,MI
AR Ramjani,Middle,spin,17,29,18,3,5.67,58.62,PBKS
Harsh Dubey,Death,spin,17,23,15,5,3.4,73.91,DC
T Stubbs,PP,spin,17,25,18,1,17.0,68.0,CSK
LH Ferguson,Death,pace,17,27,22,2,8.5,62.96,
Waseem Muhammad,Death,pace,17,10,2,2,8.5,170.0,
RD Rickelton,Death,neutralish,17,13,1,0,,130.77,RR
Naseem Shah,Death,pace,17,20,11,4,4.25,85.0,
Akash Vasisht,Middle,neutralish,17,15,7,2,8.5,113.33,DC
Vansh Bedi,Middle,neutralish,17,7,1,0,,242.86,PBKS
PJ Cummins,Middle,spin,17,15,6,1,17.0,113.33,SRH
D Ferreira,Death,spin,17,7,4,1,17.0,242.86,
Sakibul Gani,Middle,neutralish,17,11,5,1,17.0,154.55,RR
MS Pepper,Death,neutralish,17,14,2,0,,121.43,
GD Phillips,PP,pace,17,15,9,1,17.0,113.33,RR
MK Lomror,PP,spin,17,13,5,0,,130.77,
A Badoni,Middle,spin,17,26,16,1,17.0,65.38,SRH
MK Pandey,Death,spin,17,13,4,1,17.0,130.77,
JDS Neesham,Death,neutralish,16,11,3,1,16.0,145.45,
AA Kulkarni,PP,pace,16,14,9,3,5.33,114.29,SRH
KH Pandya,Death,pace,16,18,12,1,16.0,88.89,SRH
JL Smith,Death,spin,16,9,3,2,8.0,177.78,
Satyajeet Bachhav,Death,spin,16,13,7,3,5.33,123.08,MI
SR Dickson,Death,spin,16,14,6,1,16.0,114.29,
S Lamichhane,Middle,spin,16,17,11,2,8.0,94.12,MI
JM Bairstow,Death,pace,16,8,0,0,,200.0,
Ritik Vats,Middle,spin,16,10,6,2,8.0,160.0,DC
Arslan Khan,PP,spin,16,11,3,1,16.0,145.45,
N Wadhera,Middle,neutralish,16,11,3,1,16.0,145.45,
MA Agarwal,Middle,spin,16,20,7,2,8.0,80.0,
Ishaan Gadekar,Middle,neutralish,16,11,3,2,8.0,145.45,
TK Curran,Death,pace,16,9,2,0,,177.78,
M Prasidh Krishna,Middle,spin,16,9,2,0,,177.78,KKR
Harshit Rana,Death,neutralish,16,24,17,3,5.33,66.67,
Shivam Shukla,Death,spin,16,9,6,2,8.0,177.78,MI
Hemang Patel,Middle,neutralish,16,19,11,2,8.0,84.21,
Sairaj Patil,Death,spin,16,13,8,1,16.0,123.08,KKR
Karan Shinde,PP,spin,16,12,5,1,16.0,133.33,SRH
Sunny Sandhu,Middle,pace,16,22,14,2,8.0,72.73,DC
D Forrester,Death,neutralish,16,10,3,1,16.0,160.0,MI
A Nagwaswalla,Death,pace,16,25,20,3,5.33,64.0,RR
J Suresh Kumar,Middle,spin,16,9,3,1,16.0,177.78,PBKS
PN Mankad,PP,spin,16,18,13,1,16.0,88.89,
Ashwin Das,Death,neutralish,16,10,5,0,,160.0,LSG
JJ Bumrah,Death,neutralish,15,9,5,3,5.0,166.67,DC
JJ Smit,Death,spin,15,18,11,5,3.0,83.33,PBKS
H Ssenyondo,Death,spin,15,32,26,4,3.75,46.88,LSG
CA Lynn,Middle,spin,15,16,4,1,15.0,93.75,LSG
EA Brookes,PP,pace,15,13,9,0,,115.38,
DR Sams,Middle,pace,15,11,3,0,,136.36,
RK Bhui,Death,neutralish,15,12,7,2,7.5,125.0,
HR Shokeen,Death,pace,15,9,3,1,15.0,166.67,
MS Bhandage,Death,spin,15,9,4,1,15.0,166.67,PBKS
Atharva Taide,Death,pace,15,11,4,3,5.0,136.36,RCB
D Potgieter,Middle,pace,15,7,0,0,,214.29,
D Ferreira,Middle,neutralish,15,12,3,1,15.0,125.0,
B Indrajith,Middle,pace,15,8,3,0,,187.5,
VG Arora,Middle,pace,15,17,9,2,7.5,88.24,
Shaheen Shah Afridi,Death,neutralish,15,10,5,1,15.0,150.0,DC
MA Wood,Death,pace,15,9,1,1,15.0,166.67,KKR
Shakib Al Hasan,PP,spin,15,13,9,1,15.0,115.38,
Abhishek Tanwar,Death,spin,15,14,11,3,5.0,107.14,RCB
AHT Donald,PP,pace,15,15,9,4,3.75,100.0,
Yashvardhan Dalal,PP,spin,15,14,10,1,15.0,107.14,
Prashant Veer,Death,spin,15,9,4,2,7.5,166.67,PBKS
DAJ Bracewell,Middle,neutralish,15,7,4,1,15.0,214.29,
BM Duckett,Death,pace,15,12,3,3,5.0,125.0,SRH
AGS Gous,Middle,pace,14,15,6,1,14.0,93.33,LSG
Rishabh Chouhan,Middle,spin,14,11,3,2,7.0,127.27,GT
MG Bracewell,Death,spin,14,16,6,1,14.0,87.5,
MG Erasmus,PP,spin,14,16,9,0,,87.5,
A Badoni,Death,pace,14,6,2,0,,233.33,SRH
Pulkit Narang,Death,neutralish,14,14,10,1,14.0,100.0,KKR
MJ Santner,Middle,pace,14,10,4,2,7.0,140.0,
KA Maharaj,Death,pace,14,23,18,3,4.67,60.87,RCB
Shadab Khan,Middle,pace,14,9,3,0,,155.56,
R Ashwin,Death,neutralish,14,15,7,3,4.67,93.33,PBKS
MW Short,Middle,neutralish,14,13,5,3,4.67,107.69,MI
Vidyadhar Patil,Death,neutralish,14,7,2,2,7.0,200.0,SRH
SM Curran,Middle,spin,14,12,7,2,7.0,116.67,RR
S Gopal,Death,spin,14,15,12,4,3.5,93.33,
MA Starc,Death,spin,14,19,12,3,4.67,73.68,MI
LR Chethan,Middle,pace,14,11,4,1,14.0,127.27,LSG
JG Bethell,PP,neutralish,14,14,7,1,14.0,100.0,
TP Ura,Death,neutralish,14,9,3,2,7.0,155.56,PBKS
SN Khan,PP,spin,14,15,7,1,14.0,93.33,
R Tewatia,Middle,spin,14,8,3,2,7.0,175.0,
D Wiese,Middle,neutralish,14,18,5,1,14.0,77.78,KKR
Rasikh Salam,Middle,pace,14,14,7,1,14.0,100.0,SRH
Sikandar Raza,Death,neutralish,14,6,0,0,,233.33,
SN Khan,PP,neutralish,14,7,4,1,14.0,200.0,
Mustafizur Rahman,Death,spin,14,16,7,1,14.0,87.5,
SB Dubey,Middle,pace,14,12,2,1,14.0,116.67,
NT Ellis,Death,pace,14,29,23,7,2.0,48.28,SRH
Hemang Patel,Death,neutralish,14,9,5,1,14.0,155.56,
LUVNITH SISODIA,Middle,spin,14,9,3,1,14.0,155.56,
DA Warner,PP,neutralish,14,6,2,1,14.0,233.33,
Yuvraj Singh,Middle,pace,13,12,4,1,13.0,108.33,
SE Rutherford,Middle,neutralish,13,11,1,0,,118.18,
BA Stokes,Death,neutralish,13,11,5,0,,118.18,
Ravi Singh,Death,pace,13,7,3,1,13.0,185.71,
Aryan Juyal,Middle,pace,13,18,11,2,6.5,72.22,
Kuldeep Yadav,Middle,spin,13,18,11,0,,72.22,LSG
Saim Ayub,Middle,spin,13,8,2,1,13.0,162.5,
JJ Bumrah,Middle,pace,13,7,3,1,13.0,185.71,DC
AV Wankhade,Middle,spin,13,16,8,2,6.5,81.25,
J Suchith,Middle,spin,13,17,6,1,13.0,76.47,
N Rana,Death,neutralish,13,8,1,0,,162.5,GT
Anand Bais,Middle,spin,13,11,4,1,13.0,118.18,DC
Harnoor Singh,PP,pace,13,6,2,1,13.0,216.67,RCB
Azmatullah Omarzai,Middle,neutralish,13,6,0,0,,216.67,
Parth Chandan,Death,pace,13,9,4,1,13.0,144.44,DC
MG Bracewell,Death,pace,13,8,2,1,13.0,162.5,
HS Desai,Death,spin,13,11,4,3,4.33,118.18,SRH
T Natarajan,Middle,spin,13,8,2,1,13.0,162.5,RR
M Prasidh Krishna,Death,neutralish,13,10,3,1,13.0,130.0,KKR
RD Chahar,Death,pace,13,18,8,1,13.0,72.22,
Gurjapneet Singh,Death,pace,13,6,3,0,,216.67,
Sufiyan Muqeem,Death,spin,13,9,5,1,13.0,144.44,GT
Atharva Ankolekar,Middle,spin,13,34,24,3,4.33,38.24,RR
Bhanu Pania,Death,pace,13,15,10,1,13.0,86.67,
RA Tripathi,Death,spin,13,10,5,4,3.25,130.0,
SM Curran,Death,spin,13,8,4,1,13.0,162.5,RR
Waseem Muhammad,PP,pace,12,6,3,0,,200.0,
Sameer Rizvi,PP,pace,12,5,0,0,,240.0,LSG
T Natarajan,Middle,pace,12,4,1,1,12.0,300.0,RR
Sonu Yadav,Death,neutralish,12,9,5,3,4.0,133.33,CSK
K Gowtham,Death,spin,12,7,2,0,,171.43,
Shakib Al Hasan,Death,pace,12,11,3,0,,109.09,
Yuvraj Chaudhary,PP,spin,12,9,4,1,12.0,133.33,
Ritik Vats,Middle,neutralish,12,20,8,0,,60.0,DC
MG Bracewell,Middle,pace,12,13,6,1,12.0,92.31,
DL Chahar,Death,pace,12,12,6,1,12.0,100.0,
MK Pandey,PP,neutralish,12,3,1,0,,400.0,
SS Prabhudessai,Middle,neutralish,12,10,3,1,12.0,120.0,
JC Archer,Death,neutralish,12,13,8,3,4.0,92.31,DC
SK Rasheed,PP,pace,12,7,4,1,12.0,171.43,
A Sheth,Death,pace,12,11,5,1,12.0,109.09,
Tanush Kotian,PP,spin,12,7,3,0,,171.43,CSK
Abid Mushtaq,Middle,spin,12,9,4,0,,133.33,
DS Airee,Death,neutralish,12,2,0,0,,600.0,DC
Shashank Singh,PP,neutralish,12,5,1,0,,240.0,PBKS
Bilal Zalmai,Middle,spin,12,10,3,1,12.0,120.0,
DR Sams,Death,pace,12,13,9,3,4.0,92.31,
AHT Donald,Death,spin,12,11,5,1,12.0,109.09,
Harnoor Singh,Death,spin,12,6,1,1,12.0,200.0,RCB
SR Watson,PP,pace,12,12,6,0,,100.0,
Karan Lal,Middle,neutralish,12,11,4,0,,109.09,RR
AM Hardie,Death,spin,12,12,7,1,12.0,100.0,CSK
D Padikkal,PP,neutralish,11,3,0,0,,366.67,RR
RK Bhui,PP,pace,11,13,9,1,11.0,84.62,
JL Smith,PP,spin,11,11,6,1,11.0,100.0,
Utkarsh Singh,PP,spin,11,9,5,1,11.0,122.22,RR
Jay Bista,Middle,pace,11,14,4,0,,78.57,
Jagjit Singh,Death,spin,11,12,7,0,,91.67,
JM Vince,PP,pace,11,9,6,2,5.5,122.22,CSK
Vansh Bedi,Death,spin,11,9,5,3,3.67,122.22,PBKS
LUVNITH SISODIA,Death,spin,11,15,6,3,3.67,73.33,
DR Sams,Middle,neutralish,11,12,5,0,,91.67,
HC Brook,Middle,spin,11,6,3,2,5.5,183.33,GT
Faisal Khan,Middle,spin,11,7,2,0,,157.14,
LR Chethan,PP,spin,11,13,6,1,11.0,84.62,LSG
BA Stokes,Death,spin,11,7,2,0,,157.14,
Yuvraj Chaudhary,Death,spin,11,5,3,2,5.5,220.0,
D Ferreira,Death,pace,11,13,8,0,,84.62,
AR Patel,PP,pace,11,15,9,1,11.0,73.33,PBKS
SE Rutherford,Death,neutralish,11,5,2,1,11.0,220.0,
RR Patel,Middle,spin,11,15,10,0,,73.33,
C Sakariya,Death,pace,11,11,8,4,2.75,100.0,RR
Mukesh Kumar,Death,pace,11,7,3,3,3.67,157.14,
Prince Yadav,Death,pace,11,14,8,1,11.0,78.57,GT
Punit Bisht,Death,pace,11,4,1,1,11.0,275.0,
Bilal Zalmai,Middle,neutralish,11,8,2,0,,137.5,
R Smaran,Death,neutralish,11,5,2,2,5.5,220.0,RR
R Ashwin,Middle,spin,11,18,9,1,11.0,61.11,PBKS
Sami Sohail,Death,pace,11,8,2,2,5.5,137.5,
R Tewatia,Death,pace,11,9,3,1,11.0,122.22,
M Pathirana,Death,spin,11,19,13,1,11.0,57.89,CSK
RG Sharma,PP,neutralish,11,6,1,0,,183.33,KKR
RA Bawa,Middle,neutralish,11,7,3,0,,157.14,SRH
Gourav Choudhury,Middle,pace,10,11,2,1,10.0,90.91,
SS Ghosh,Middle,pace,10,20,16,2,5.0,50.0,RCB
TL Seifert,PP,neutralish,10,9,5,1,10.0,111.11,PBKS
DS Rathi,Middle,pace,10,10,7,0,,100.0,LSG
RR Patel,Death,neutralish,10,10,5,2,5.0,100.0,
J Suchith,Death,pace,10,9,4,1,10.0,111.11,
RK Singh,PP,neutralish,10,10,5,0,,100.0,PBKS
AM Hardie,PP,pace,10,10,7,1,10.0,100.0,CSK
Tushar Raheja,Death,neutralish,10,7,2,1,10.0,142.86,KKR
CJ Green,Middle,spin,10,10,8,1,10.0,100.0,
DJ Hooda,Death,pace,10,8,3,0,,125.0,
Vishnu Vinod,Death,spin,10,8,4,2,5.0,125.0,GT
M Markande,Middle,spin,10,16,9,0,,62.5,SRH
Samant Jakhar,Death,neutralish,10,4,1,0,,250.0,
Sairaj Patil,Middle,spin,10,8,3,0,,125.0,KKR
Rajvardhan S Hangargekar,Middle,pace,10,6,2,0,,166.67,
Sonu Yadav,Death,spin,10,5,2,1,10.0,200.0,CSK
Khushdil Shah,Death,spin,10,10,6,2,5.0,100.0,
Adarsh Singh,Death,neutralish,10,6,1,1,10.0,166.67,DC
Ragavan Ramamoorthy,Middle,pace,10,10,4,2,5.0,100.0,PBKS
KK Ahmed,Middle,pace,10,6,2,0,,166.67,
A Khan,Death,pace,10,5,3,1,10.0,200.0,GT
Khushdil Shah,Middle,spin,10,12,6,1,10.0,83.33,
Ramandeep Singh,Death,neutralish,10,6,1,0,,166.67,RCB
Saim Ayub,Death,neutralish,10,9,5,2,5.0,111.11,
Jay Bista,Death,pace,10,7,5,1,10.0,142.86,
D Ferreira,Middle,spin,10,9,4,1,10.0,111.11,
Mukhtar Hussain,Death,pace,10,8,3,0,,125.0,RCB
Shashwat Rawat,Middle,pace,10,8,3,2,5.0,125.0,
JM Vince,Death,spin,10,9,4,2,5.0,111.11,CSK
Waseem Muhammad,PP,neutralish,10,9,5,0,,111.11,
Virat Singh,Middle,spin,9,4,2,1,9.0,225.0,
V Shankar,Middle,spin,9,7,1,0,,128.57,
YS Chahal,Middle,neutralish,9,10,4,1,9.0,90.0,KKR
Tanush Kotian,Middle,neutralish,9,5,1,0,,180.0,CSK
Utkarsh Singh,Middle,neutralish,9,6,2,0,,150.0,RR
T Banton,Death,pace,9,9,4,1,9.0,100.0,
T Banton,Middle,spin,9,8,5,2,4.5,112.5,
SU Parakh,Death,pace,9,8,2,1,9.0,112.5,SRH
Sachin Baby,Death,spin,9,7,3,1,9.0,128.57,CSK
A Badoni,Death,neutralish,9,6,1,1,9.0,150.0,SRH
Jaskaran Singh,Death,spin,9,7,3,0,,128.57,
Ihsanullah,Death,pace,9,7,3,0,,128.57,
Ishaan Gadekar,Middle,pace,9,8,2,1,9.0,112.5,
R Tewatia,PP,spin,9,3,0,0,,300.0,
R Tewatia,Death,neutralish,9,10,4,1,9.0,90.0,
R Ahir,Middle,pace,9,9,3,0,,100.0,
KH Pandya,Death,neutralish,9,5,2,1,9.0,180.0,SRH
KS Carlson,Middle,spin,9,8,2,1,9.0,112.5,
Avesh Khan,Death,spin,9,13,9,3,3.0,69.23,LSG
Karan Lal,Death,pace,9,5,0,0,,180.0,RR
Ashwin Shelke,Middle,spin,9,9,4,1,9.0,100.0,DC
M Pathirana,Middle,spin,9,7,2,1,9.0,128.57,CSK
M Shahrukh Khan,PP,spin,9,10,8,0,,90.0,
NA Rathva,PP,spin,9,10,5,1,9.0,90.0,
N Wadhera,PP,pace,9,13,8,2,4.5,69.23,
MG Bracewell,Middle,spin,9,8,3,0,,112.5,
Mujeeb Ur Rahman,Death,spin,9,11,8,2,4.5,81.82,
MJ Santner,Middle,spin,9,9,4,0,,100.0,
Abhishek Tanwar,Middle,spin,9,6,1,1,9.0,150.0,RCB
Imran Tahir,Death,spin,9,15,12,4,2.25,60.0,KKR
Bal Krishna,Middle,pace,9,8,4,1,9.0,112.5,
Rahul Singh,Death,neutralish,9,11,6,1,9.0,81.82,
Ravi Singh,Death,spin,9,13,8,4,2.25,69.23,
MG Bracewell,Middle,neutralish,8,8,2,1,8.0,100.0,
Ravi Teja,Death,pace,8,29,24,5,1.6,27.59,PBKS
Rishabh Chouhan,Middle,neutralish,8,10,2,0,,80.0,GT
D Brevis,PP,neutralish,8,7,3,0,,114.29,GT
Kranthi Kumar,Death,spin,8,5,3,0,,160.0,CSK
R Sanjay Yadav,Death,spin,8,5,3,1,8.0,160.0,
CV Varun,Middle,spin,8,21,19,3,2.67,38.1,PBKS
Pulkit Narang,Death,spin,8,20,17,3,2.67,40.0,KKR
Rasikh Salam,Death,spin,8,7,6,2,4.0,114.29,SRH
Sumit Kumar,Middle,pace,8,9,7,0,,88.89,
Prashant Veer,Middle,spin,8,8,4,1,8.0,100.0,PBKS
Mayank Dagar,Death,spin,8,15,12,2,4.0,53.33,DC
AS Roy,Middle,pace,8,5,2,1,8.0,160.0,
Faisal Khan,PP,pace,8,9,7,1,8.0,88.89,
NT Ellis,Middle,spin,8,11,5,1,8.0,72.73,SRH
Shivam Shukla,Death,pace,8,4,2,1,8.0,200.0,MI
LR Chethan,Middle,spin,8,6,1,1,8.0,133.33,LSG
Ashwani Kumar,Death,pace,8,3,0,0,,266.67,
Harsh Tyagi,Middle,spin,8,10,4,2,4.0,80.0,
Kranthi Kumar,Middle,pace,8,8,3,0,,100.0,CSK
JM Coles,PP,spin,8,9,7,2,4.0,88.89,
Siddhesh Veer,Middle,spin,8,11,4,0,,72.73,MI
J Kariko,Death,spin,8,6,4,0,,133.33,
MP Yadav,Death,spin,8,15,10,3,2.67,53.33,KKR
Akhil Singh Rawat,Middle,pace,8,16,8,1,8.0,50.0,KKR
JJ Bumrah,Death,spin,8,6,1,1,8.0,133.33,DC
J Overton,Middle,neutralish,8,6,3,0,,133.33,RR
SB Dubey,Death,neutralish,8,6,1,1,8.0,133.33,
MK Lomror,PP,neutralish,8,10,5,0,,80.0,
JD Unadkat,Death,spin,8,8,3,0,,100.0,
TU Deshpande,Death,pace,8,15,11,2,4.0,53.33,
A Mhatre,Middle,spin,8,11,5,2,4.0,72.73,
MM Ali,Middle,pace,8,10,4,1,8.0,80.0,
RK Singh,PP,spin,8,7,1,0,,114.29,PBKS
RK Bhui,Middle,spin,8,8,5,1,8.0,100.0,
MP Yadav,Middle,spin,8,25,21,0,,32.0,KKR
MM Sharma,Death,spin,8,3,1,0,,266.67,
EA Brookes,Middle,pace,8,10,3,2,4.0,80.0,
Sairaj Patil,Death,pace,7,3,1,1,7.0,233.33,KKR
NT Ellis,Middle,pace,7,15,12,1,7.0,46.67,SRH
AK Markram,Death,pace,7,6,2,1,7.0,116.67,DC
Ravi Singh,PP,pace,7,13,11,0,,53.85,
LI Meriwala,Death,pace,7,7,3,1,7.0,100.0,SRH
MK Pandey,PP,spin,7,7,3,0,,100.0,
AV Wankhade,Death,spin,7,3,1,0,,233.33,
A Badoni,Death,spin,7,7,3,1,7.0,100.0,SRH
Sayed Irfan Aftab,Death,pace,7,8,6,2,3.5,87.5,PBKS
MA Agarwal,Middle,neutralish,7,3,0,0,,233.33,
S Lamichhane,Middle,neutralish,7,2,0,0,,350.0,MI
Mustafizur Rahman,Middle,spin,7,10,5,0,,70.0,
Anmolpreet Singh,PP,spin,7,11,10,0,,63.64,KKR
AM Hardie,Middle,spin,7,8,3,1,7.0,87.5,CSK
Mukul Choudhary,PP,spin,7,2,0,0,,350.0,
Ankit Kumar,Middle,spin,7,3,0,1,7.0,233.33,
AS Roy,Death,neutralish,7,7,5,1,7.0,100.0,
Taskin Ahmed,Death,pace,7,4,2,1,7.0,175.0,
Sairaj Patil,Middle,pace,7,4,0,0,,175.0,KKR
Tushar Raheja,Middle,neutralish,7,11,5,1,7.0,63.64,KKR
Atharva Ankolekar,Death,neutralish,7,8,4,0,,87.5,RR
PN Mankad,Death,spin,7,8,3,2,3.5,87.5,
F du Plessis,Death,spin,7,3,1,1,7.0,233.33,
JJ Smit,Death,neutralish,7,10,4,3,2.33,70.0,PBKS
RA Bawa,Middle,pace,7,17,10,2,3.5,41.18,SRH
R Ravindra,PP,spin,7,7,6,1,7.0,100.0,
Swapnil Singh,Death,pace,7,5,1,0,,140.0,
K Kartikeya,Middle,spin,7,4,1,0,,175.0,MI
K Rabada,Death,pace,7,14,8,0,,50.0,
DJ Bravo,Death,spin,7,3,1,1,7.0,233.33,
Sunny Sandhu,PP,spin,7,8,6,0,,87.5,DC
Yashvardhan Dalal,PP,pace,7,11,7,1,7.0,63.64,
SR Dickson,Death,pace,7,3,1,1,7.0,233.33,
Bal Krishna,Death,pace,7,6,0,0,,116.67,
TH David,PP,spin,7,7,3,0,,100.0,
A Sheth,Middle,spin,7,5,2,1,7.0,140.0,
HH Pandya,PP,spin,7,9,5,1,7.0,77.78,LSG
PN Mankad,PP,pace,7,9,4,1,7.0,77.78,
PP Shaw,Death,pace,7,6,4,2,3.5,116.67,
SH Johnson,Middle,pace,7,6,3,0,,116.67,KKR
Khrievitso Kense,Middle,spin,7,9,5,1,7.0,77.78,
B Kumar,Death,neutralish,7,21,19,2,3.5,33.33,KKR
D Wiese,PP,pace,6,4,4,1,6.0,150.0,KKR
Ankit Kumar,Death,pace,6,3,1,1,6.0,200.0,
MP Yadav,Middle,pace,6,7,5,2,3.0,85.71,KKR
Sanskar Rawat,PP,pace,6,3,2,1,6.0,200.0,
J Anderson,Death,spin,6,4,2,1,6.0,150.0,
D Wiese,Middle,spin,6,10,5,0,,60.0,KKR
DR Sams,Death,neutralish,6,3,1,1,6.0,200.0,
Geet Puri,Death,spin,6,5,4,1,6.0,120.0,CSK
I Sharma,Death,pace,6,3,2,1,6.0,200.0,
JG Bethell,PP,pace,6,11,6,0,,54.55,
Fazalhaq Farooqi,Middle,pace,6,16,14,1,6.0,37.5,GT
MADI Hemantha,Death,spin,6,1,0,0,,600.0,
JM Coles,Middle,neutralish,6,5,2,1,6.0,120.0,
Fazalhaq Farooqi,Death,spin,6,18,12,3,2.0,33.33,GT
Atharva Ankolekar,Death,pace,6,2,1,1,6.0,300.0,RR
Aryan Juyal,Death,neutralish,6,1,0,0,,600.0,
LR Chethan,PP,pace,6,3,2,0,,200.0,LSG
M Hemanth Reddy,Death,pace,6,5,1,0,,120.0,
Shashwat Rawat,Middle,spin,6,8,4,2,3.0,75.0,
M Siddharth,Death,neutralish,6,5,2,0,,120.0,GT
MA Agarwal,Death,neutralish,6,2,1,1,6.0,300.0,
CV Varun,Death,neutralish,6,11,7,1,6.0,54.55,PBKS
Ehsan Khan,Death,pace,6,9,6,1,6.0,66.67,CSK
MA Agarwal,PP,spin,6,7,6,1,6.0,85.71,
Krishna Prasad,Death,pace,6,3,2,0,,200.0,
Jaskaran Singh,Middle,pace,6,11,6,0,,54.55,
JR Hazlewood,Death,neutralish,6,10,7,3,2.0,60.0,MI
JM Cox,PP,neutralish,6,7,4,1,6.0,85.71,
Easwaran K,Death,pace,6,4,3,0,,150.0,DC
Akhil Singh Rawat,Middle,neutralish,6,12,7,0,,50.0,KKR
MG Bracewell,PP,neutralish,6,5,3,1,6.0,120.0,
Mukesh Kumar,Middle,pace,6,1,0,0,,600.0,
SN Thakur,Death,neutralish,6,2,1,1,6.0,300.0,
Abid Mushtaq,Death,spin,6,6,0,0,,100.0,
SB Dubey,Middle,spin,6,8,2,1,6.0,75.0,
Mohammad Nabi,Death,neutralish,6,10,7,3,2.0,60.0,
A Mhatre,Death,pace,6,5,2,1,6.0,120.0,
SS Prabhudessai,PP,neutralish,6,1,0,0,,600.0,
RR Pant,PP,neutralish,6,6,5,0,,100.0,
Noor Ahmad,Death,neutralish,6,3,1,1,6.0,200.0,KKR
SH Johnson,Death,neutralish,6,3,2,0,,200.0,KKR
R Tewatia,Middle,neutralish,6,3,0,1,6.0,200.0,
A Zampa,Death,neutralish,6,6,5,3,2.0,100.0,SRH
RD Chahar,Middle,pace,6,6,1,0,,100.0,
PP Chawla,Death,neutralish,6,7,4,1,6.0,85.71,
SO Hetmyer,PP,pace,6,5,2,0,,120.0,
Naman Tiwari,Death,neutralish,6,4,2,0,,150.0,CSK
Naveen-ul-Haq,Death,neutralish,6,2,1,1,6.0,300.0,
A Nortje,Death,neutralish,6,4,1,0,,150.0,
AJ Turner,Middle,pace,6,12,8,1,6.0,50.0,
SS Prabhudessai,PP,pace,6,9,6,1,6.0,66.67,
R Sai Kishore,Middle,spin,6,3,2,1,6.0,200.0,GT
Ravi Bishnoi,Death,neutralish,6,4,3,1,6.0,150.0,SRH
A Manohar,Death,neutralish,6,7,3,2,3.0,85.71,RCB
A Badoni,PP,spin,6,11,10,2,3.0,54.55,SRH
Ravi Bishnoi,Death,pace,6,1,0,0,,600.0,SRH
R Powell,PP,neutralish,6,12,9,0,,50.0,
JA Duffy,Death,pace,5,4,2,1,5.0,125.0,LSG
A Nagwaswalla,Death,neutralish,5,7,5,0,,71.43,RR
KD Karthik,Middle,spin,5,13,9,1,5.0,38.46,
N Wadhera,PP,spin,5,3,1,0,,166.67,
NA Rathva,PP,neutralish,5,6,6,2,2.5,83.33,
Avesh Khan,Death,neutralish,5,6,3,1,5.0,83.33,LSG
Naveen-ul-Haq,Middle,spin,5,4,2,0,,125.0,
DR Mousley,Middle,neutralish,5,5,4,1,5.0,100.0,LSG
RD Chahar,Middle,spin,5,3,1,1,5.0,166.67,
KA Maharaj,Middle,spin,5,23,19,1,5.0,21.74,RCB
Siddhesh Veer,PP,pace,5,2,0,0,,250.0,MI
YK Pathan,PP,pace,5,12,10,0,,41.67,
TL Seifert,Death,spin,5,5,2,2,2.5,100.0,PBKS
Pulkit Narang,Middle,spin,5,3,1,0,,166.67,KKR
SM Curran,Middle,neutralish,5,8,3,0,,62.5,RR
S Gill,Middle,pace,5,8,4,0,,62.5,RCB
RA Tripathi,PP,neutralish,5,5,3,1,5.0,100.0,
J Suresh Kumar,PP,pace,5,6,5,1,5.0,83.33,PBKS
M Shahrukh Khan,PP,pace,5,7,2,0,,71.43,
Harsh Dubey,Death,neutralish,5,12,10,0,,41.67,DC
MA Starc,Middle,spin,5,2,1,0,,250.0,MI
RA Jadeja,PP,neutralish,5,2,0,0,,250.0,CSK
Dhruv Jurel,Death,neutralish,5,2,0,0,,250.0,CSK
Harsh Tyagi,Death,neutralish,5,9,5,0,,55.56,
TP Ura,Death,pace,5,7,2,1,5.0,71.43,PBKS
Sanvir Singh,Middle,neutralish,5,2,0,0,,250.0,
C Connolly,Death,neutralish,5,3,1,1,5.0,166.67,GT
Rituraj Sharma,Death,pace,5,4,2,1,5.0,125.0,
Darshan Misal,Middle,neutralish,5,7,4,1,5.0,71.43,
MK Pandey,Death,neutralish,5,7,5,1,5.0,71.43,
R Shepherd,Middle,neutralish,5,12,7,1,5.0,41.67,SRH
Ankit Kumar,PP,pace,5,6,3,1,5.0,83.33,
Jay Gohil,PP,pace,5,2,0,0,,250.0,MI
Anmol Malhotra,Death,pace,5,3,2,1,5.0,166.67,
JD Unadkat,Death,pace,5,3,1,0,,166.67,
R Sai Kishore,Middle,pace,5,5,1,0,,100.0,GT
AV Wankhade,Middle,pace,5,8,4,1,5.0,62.5,
Sachin Baby,PP,pace,5,6,2,1,5.0,83.33,CSK
Waqar Salamkheil,Death,spin,5,10,6,0,,50.0,
Shahbaz Ahmed,PP,spin,5,6,5,1,5.0,83.33,KKR
JM Sharma,PP,neutralish,5,6,4,2,2.5,83.33,RCB
AD Russell,PP,spin,4,5,4,1,4.0,80.0,DC
AD Russell,PP,pace,4,3,1,1,4.0,133.33,DC
Praveen Dubey,Death,pace,4,1,0,0,,400.0,MI
A Zampa,Death,pace,4,5,4,2,2.0,80.0,SRH
Khrievitso Kense,Middle,pace,4,7,5,1,4.0,57.14,
Sikandar Raza,PP,neutralish,4,1,0,0,,400.0,
Ashwin Das,Middle,neutralish,4,2,1,1,4.0,200.0,LSG
Kaleem Sana,Middle,pace,4,11,8,0,,36.36,
YS Chahal,Middle,pace,4,3,2,1,4.0,133.33,KKR
D Ferreira,PP,pace,4,3,2,1,4.0,133.33,
SR Dickson,PP,spin,4,3,2,0,,133.33,
Prashant Solanki,Death,spin,4,13,12,1,4.0,30.77,CSK
Chirag Jani,PP,neutralish,4,2,1,0,,200.0,RCB
CV Varun,Death,pace,4,7,4,1,4.0,57.14,PBKS
JM Bairstow,Death,spin,4,4,1,1,4.0,100.0,
J Suresh Kumar,Middle,pace,4,2,1,1,4.0,200.0,PBKS
JJ Smit,PP,pace,4,2,1,1,4.0,200.0,PBKS
MG Bracewell,PP,spin,4,2,1,1,4.0,200.0,
Samant Jakhar,PP,spin,4,4,3,0,,100.0,
Samarth Vyas,Death,pace,4,6,3,2,2.0,66.67,
Geet Puri,Death,pace,4,6,4,2,2.0,66.67,CSK
H Ssenyondo,Death,pace,4,1,0,0,,400.0,LSG
Sameer Rizvi,PP,neutralish,4,7,6,0,,57.14,LSG
HR Shokeen,Middle,spin,4,7,3,0,,57.14,
Mayank Rawat,Middle,neutralish,4,14,10,1,4.0,28.57,
Ragavan Ramamoorthy,PP,spin,4,2,1,0,,200.0,PBKS
Sandeep Sharma,Middle,pace,4,4,0,0,,100.0,
Harsh Dubey,Middle,spin,4,18,15,3,1.33,22.22,DC
DW Lawrence,Middle,neutralish,4,5,1,0,,80.0,
Vraj Patel,Death,spin,4,9,6,0,,44.44,
MG Erasmus,Death,neutralish,4,2,1,1,4.0,200.0,
RR Patel,Death,spin,4,5,1,1,4.0,80.0,
A Nortje,Death,pace,4,3,2,1,4.0,133.33,
LG Pretorius,Middle,spin,4,5,2,1,4.0,80.0,
DS Airee,Middle,pace,4,8,4,1,4.0,50.0,DC
A Mishra,Death,spin,4,2,1,1,4.0,200.0,
LI Meriwala,Death,neutralish,4,4,1,0,,100.0,SRH
D Padikkal,Middle,pace,4,2,1,1,4.0,200.0,RR
DJ Willey,Death,pace,4,3,2,0,,133.33,
J Overton,Death,spin,4,8,4,1,4.0,50.0,RR
N Jagadeesan,Middle,spin,4,2,1,1,4.0,200.0,
Arshdeep Singh,Middle,pace,4,11,7,1,4.0,36.36,LSG
Usman Tariq,Death,spin,4,5,4,1,4.0,80.0,
R Shepherd,Middle,pace,3,9,6,2,1.5,33.33,SRH
K Gowtham,Death,neutralish,3,6,3,1,3.0,50.0,
Ishaan Gadekar,Death,spin,3,4,1,1,3.0,75.0,
DA Warner,Death,spin,3,3,0,0,,100.0,
JR Hazlewood,Middle,neutralish,3,3,0,0,,100.0,MI
Harsh Dubey,Death,pace,3,3,0,0,,100.0,DC
RE van der Merwe,Middle,pace,3,4,1,0,,75.0,CSK
SN Thakur,Middle,pace,3,2,1,0,,150.0,
Rashid Khan,Middle,neutralish,3,1,0,0,,300.0,RCB
Samant Jakhar,Middle,pace,3,5,2,1,3.0,60.0,
CJ Jordan,Death,pace,3,7,4,1,3.0,42.86,
Pulkit Narang,Death,pace,3,10,7,2,1.5,30.0,KKR
M Prasidh Krishna,Death,spin,3,6,3,1,3.0,50.0,KKR
M Prasidh Krishna,Middle,pace,3,7,5,0,,42.86,KKR
NT Ellis,Death,spin,3,3,2,2,1.5,100.0,SRH
M Theekshana,Middle,spin,3,8,6,1,3.0,37.5,
Mohammed Shami,Middle,pace,3,6,5,1,3.0,50.0,MI
Aman Rao,PP,spin,3,2,1,1,3.0,150.0,
Shashwat Dangwal,Death,spin,3,4,2,2,1.5,75.0,
MW Short,PP,spin,3,9,8,1,3.0,33.33,MI
H Ssenyondo,Middle,neutralish,2,4,3,1,2.0,50.0,LSG
Imran Tahir,Middle,spin,2,6,4,1,2.0,33.33,KKR
Samant Jakhar,Middle,neutralish,2,1,0,0,,200.0,
Zeeshan Ansari,Middle,pace,2,9,7,1,2.0,22.22,RR
Ritik Vats,Death,pace,2,4,2,1,2.0,50.0,DC
V Shankar,Death,spin,2,5,3,1,2.0,40.0,
NT Ellis,Death,neutralish,2,12,10,2,1.0,16.67,SRH
Vishnu Vinod,Death,neutralish,2,3,1,1,2.0,66.67,GT
RE van der Merwe,Death,neutralish,2,6,4,2,1.0,33.33,CSK
Manvanth Kumar L,Death,pace,2,2,1,1,2.0,100.0,
Shaheen Shah Afridi,PP,pace,2,4,3,0,,50.0,DC
Mustafizur Rahman,Middle,neutralish,2,3,1,0,,66.67,
Yudhvir Singh,Death,spin,2,4,2,0,,50.0,RR
MA Wood,Death,spin,2,2,1,1,2.0,100.0,KKR
AR Ramjani,Middle,pace,2,3,1,0,,66.67,PBKS
MS Chapman,Death,spin,2,3,1,1,2.0,66.67,
Abhilash Shetty,Death,pace,2,6,4,1,2.0,33.33,MI
Gurnoor Brar,Middle,pace,2,3,2,1,2.0,66.67,DC
Mohammad Nabi,Middle,neutralish,2,2,0,0,,100.0,
Mohammad Nabi,Death,pace,2,4,2,0,,50.0,
M Poiyamozhi,Middle,pace,2,1,0,0,,200.0,
Mohammad Ghazanfar,Death,neutralish,2,1,0,0,,200.0,RR
Abrar Ahmed,Death,neutralish,2,2,0,0,,100.0,
Sandeep Sharma,Death,spin,2,5,4,0,,40.0,
Mayank Rawat,PP,neutralish,2,2,1,0,,100.0,
Akshay Karnewar,Middle,spin,2,5,3,0,,40.0,
EA Brookes,Middle,spin,2,3,1,1,2.0,66.67,
Sami Sohail,Middle,pace,2,2,0,0,,100.0,
Mohammad Ghazanfar,Middle,spin,2,12,10,2,1.0,16.67,RR
J Miyaji,Death,pace,2,9,8,0,,22.22,
AM Hardie,Middle,pace,2,5,4,0,,40.0,CSK
Kunal Chandela,Middle,neutralish,2,2,1,1,2.0,100.0,
Yash Thakur,Middle,pace,2,3,1,0,,66.67,
Suyash Sharma,Middle,spin,2,4,3,0,,50.0,
C Connolly,Death,spin,2,4,2,1,2.0,50.0,GT
Prithviraj Shekhawat,Death,spin,2,5,3,0,,40.0,
Cheepurapalli Stephen,Death,neutralish,2,6,5,2,1.0,33.33,RR
KK Ahmed,Middle,spin,2,3,2,1,2.0,66.67,
Parvej Musaraf,Middle,neutralish,2,6,4,1,2.0,33.33,
A Zampa,Middle,spin,2,6,5,1,2.0,33.33,SRH
Siddhesh Veer,Middle,neutralish,2,2,0,0,,100.0,MI
AGS Gous,Death,spin,2,4,2,1,2.0,50.0,LSG
Kumar Kushagra,PP,pace,2,5,4,2,1.0,40.0,RR
Kunal Chandela,Death,spin,2,3,1,1,2.0,66.67,
Geet Puri,Death,neutralish,2,9,7,1,2.0,22.22,CSK
L Ngidi,Death,pace,2,4,3,0,,50.0,RR
AJ Tye,Death,neutralish,2,2,0,0,,100.0,
RA Jadeja,PP,pace,2,2,2,1,2.0,100.0,CSK
JG Bethell,PP,spin,2,14,12,0,,14.29,
Arslan Khan,Middle,spin,2,4,2,1,2.0,50.0,
Akhil Scaria,Middle,neutralish,1,5,4,1,1.0,20.0,GT
C Sakariya,Middle,pace,1,7,6,1,1.0,14.29,RR
YV Dhull,PP,neutralish,1,6,5,1,1.0,16.67,
C Sakariya,Death,neutralish,1,4,3,1,1.0,25.0,RR
C Connolly,PP,neutralish,1,1,0,0,,100.0,GT
Arshdeep Singh,Middle,neutralish,1,1,0,0,,100.0,LSG
A Manohar,Middle,neutralish,1,1,0,0,,100.0,RCB
Akhil Scaria,Middle,pace,1,2,1,1,1.0,50.0,GT
Esakkimuthu A,Middle,pace,1,2,1,1,1.0,50.0,
Esakkimuthu A,Middle,neutralish,1,3,2,0,,33.33,
Waseem Muhammad,Middle,neutralish,1,2,1,1,1.0,50.0,
Abrar Ahmed,Death,pace,1,1,0,0,,100.0,
DJ Bravo,Middle,pace,1,2,1,0,,50.0,
Aryan Juyal,Middle,spin,1,7,6,1,1.0,14.29,
DS Airee,PP,spin,1,2,1,0,,50.0,DC
Ajay Rohera,Death,neutralish,1,2,1,1,1.0,50.0,LSG
Chirag Jani,PP,spin,1,3,2,0,,33.33,RCB
Arshad Khan,Middle,neutralish,1,5,4,1,1.0,20.0,CSK
D Forrester,Middle,spin,1,2,1,1,1.0,50.0,MI
Ashwani Kumar,Middle,pace,1,3,2,2,0.5,33.33,
DS Rathi,Death,neutralish,1,1,0,0,,100.0,LSG
Anmolpreet Singh,PP,neutralish,1,3,2,2,0.5,33.33,KKR
D Padikkal,Middle,neutralish,1,4,3,1,1.0,25.0,RR
DS Rathi,Death,pace,1,8,7,2,0.5,12.5,LSG
AB de Villiers,PP,neutralish,1,4,3,2,0.5,25.0,
VG Arora,Death,neutralish,1,3,2,0,,33.33,
Arslan Khan,Middle,neutralish,1,2,1,1,1.0,50.0,
Aryan Juyal,PP,pace,1,2,1,0,,50.0,
D Ferreira,PP,spin,1,6,5,2,0.5,16.67,
B Kumar,Middle,pace,1,2,1,0,,50.0,KKR
Aman Bhadoriya,Middle,spin,1,4,3,1,1.0,25.0,
Babar Azam,Death,pace,1,4,3,3,0.33,25.0,
Darshan Misal,PP,neutralish,1,3,2,0,,33.33,
Zeeshan Ansari,Middle,spin,1,3,2,0,,33.33,RR
M Poiyamozhi,Death,pace,1,2,1,1,1.0,50.0,
JR Hazlewood,PP,pace,1,2,1,0,,50.0,MI
Mustafizur Rahman,Death,neutralish,1,4,3,2,0.5,25.0,
Sunny Sandhu,PP,pace,1,2,1,0,,50.0,DC
KA Maharaj,Middle,neutralish,1,3,2,1,1.0,33.33,RCB
Swapnil Singh,Death,neutralish,1,2,1,1,1.0,50.0,
OEG Baartman,Death,neutralish,1,1,0,0,,100.0,
Jaskaran Singh,Death,neutralish,1,1,0,0,,100.0,
T Banton,PP,spin,1,1,0,0,,100.0,
SPD Smith,Middle,spin,1,4,3,1,1.0,25.0,
SS Agarwal,Death,spin,1,1,0,0,,100.0,
JO Holder,Middle,pace,1,2,1,1,1.0,50.0,
JJ Smit,Middle,spin,1,1,0,0,,100.0,PBKS
JDS Neesham,Middle,neutralish,1,2,2,0,,50.0,
Parvej Musaraf,Middle,pace,1,2,1,1,1.0,50.0,
JC Archer,Death,spin,1,1,0,0,,100.0,DC
Sufiyan Muqeem,Death,neutralish,1,2,1,0,,50.0,GT
SZ Mulani,Death,neutralish,1,3,2,1,1.0,33.33,
Mukul Choudhary,Middle,spin,1,3,2,1,1.0,33.33,
KV Sharma,Death,spin,1,2,1,1,1.0,50.0,
KV Sharma,Middle,spin,1,3,2,0,,33.33,
Sikandar Raza,PP,pace,1,3,2,2,0.5,33.33,
Khushdil Shah,PP,spin,1,4,3,0,,25.0,
Mohammed Shami,Death,spin,1,12,11,1,1.0,8.33,MI
Kunal Chandela,PP,spin,1,10,9,1,1.0,10.0,
LH Ferguson,Middle,pace,1,2,1,0,,50.0,
Mayank Rawat,Death,pace,1,4,3,1,1.0,25.0,
Samant Jakhar,Death,pace,1,2,1,1,1.0,50.0,
M Jansen,PP,pace,1,2,1,1,1.0,50.0,
M Pathirana,Middle,pace,1,9,8,1,1.0,11.11,CSK
Gourav Choudhury,Middle,spin,1,2,1,1,1.0,50.0,
M Siddharth,Middle,spin,1,3,3,1,1.0,33.33,GT
MR Adair,Death,spin,1,1,0,0,,100.0,
SR Hain,Death,pace,1,3,2,1,1.0,33.33,
PJ Cummins,Death,neutralish,1,3,2,1,1.0,33.33,SRH
RE van der Merwe,Middle,spin,1,4,3,1,1.0,25.0,CSK
R Ngarava,Death,pace,1,3,2,1,1.0,33.33,PBKS
HJ Manenti,Middle,pace,1,3,2,1,1.0,33.33,RCB
Ravi Teja,Middle,pace,1,6,5,1,1.0,16.67,PBKS
SN Thakur,Death,pace,1,3,3,1,1.0,33.33,
Ishaan Gadekar,PP,neutralish,1,7,6,0,,14.29,
SO Hetmyer,Death,neutralish,1,2,1,1,1.0,50.0,
Tanay Thyagarajan,Middle,spin,1,6,5,1,1.0,16.67,CSK
Ishaan Gadekar,PP,pace,1,2,1,1,1.0,50.0,
Harshit Rana,Middle,pace,1,1,0,0,,100.0,
SL Malinga,Death,neutralish,1,3,2,1,1.0,33.33,
J Fraser-McGurk,Death,neutralish,1,2,1,1,1.0,50.0,DC
HR Shokeen,Middle,pace,1,1,0,0,,100.0,
SE Rutherford,PP,pace,1,1,0,0,,100.0,
Ragavan Ramamoorthy,Middle,spin,1,2,1,1,1.0,50.0,PBKS
J Overton,Middle,pace,1,5,4,0,,20.0,RR
Tanay Thyagarajan,Death,neutralish,1,2,1,0,,50.0,CSK
JA Duffy,Death,neutralish,1,2,1,1,1.0,50.0,LSG
Ravi Teja,Death,neutralish,0,2,2,2,0.0,0.0,PBKS
A Johnson,Middle,spin,0,2,2,1,0.0,0.0,
Mohammad Amir,Death,pace,0,3,3,1,0.0,0.0,LSG
Mohammad Ghazanfar,Middle,neutralish,0,1,1,1,0.0,0.0,RR
Abrar Ahmed,Death,spin,0,1,1,0,,0.0,
A Kamboj,Middle,pace,0,2,2,1,0.0,0.0,
Abhishek Prabhakar,Death,pace,0,1,1,1,0.0,0.0,
Yash Dayal,Death,pace,0,1,1,1,0.0,0.0,
Samant Jakhar,Death,spin,0,1,1,1,0.0,0.0,
Abrar Ahmed,Middle,neutralish,0,1,1,1,0.0,0.0,
Rasikh Salam,Death,neutralish,0,2,2,1,0.0,0.0,SRH
Zeeshan Ansari,Death,spin,0,2,2,2,0.0,0.0,RR
Mayank Dagar,Middle,spin,0,2,2,0,,0.0,DC
Akash Deep,Death,spin,0,1,1,0,,0.0,
Akash Pawar,Middle,pace,0,1,1,0,,0.0,
Akash Vasisht,Death,pace,0,1,1,1,0.0,0.0,DC
Akash Vasisht,Middle,pace,0,3,4,1,0.0,0.0,DC
Akash Vasisht,PP,pace,0,1,1,1,0.0,0.0,DC
Manvanth Kumar L,Death,spin,0,2,2,2,0.0,0.0,
MW Short,Death,spin,0,1,1,1,0.0,0.0,MI
MS Bhandage,Middle,spin,0,3,3,0,,0.0,PBKS
Ritik Vats,PP,neutralish,0,1,1,1,0.0,0.0,DC
Sandeep Sharma,Death,neutralish,0,1,1,1,0.0,0.0,
Mohammed Shami,Middle,spin,0,1,1,1,0.0,0.0,MI
Mukesh Kumar,Death,spin,0,4,4,1,0.0,0.0,
Mohammed Siraj,Death,spin,0,1,1,1,0.0,0.0,
Mohit Redkar,Death,neutralish,0,3,3,2,0.0,0.0,
Yash Raj Punja,Death,spin,0,2,2,1,0.0,0.0,
Yash Singh,Middle,spin,0,1,1,0,,0.0,RCB
Pardeep Yadav,Middle,pace,0,2,2,1,0.0,0.0,
SR Watson,PP,neutralish,0,3,3,1,0.0,0.0,
Yash Thakur,Death,neutralish,0,1,1,0,,0.0,
YS Chahal,Death,pace,0,4,4,1,0.0,0.0,KKR
R Minz,Middle,pace,0,1,1,1,0.0,0.0,
YS Chahal,Death,neutralish,0,6,6,1,0.0,0.0,KKR
SO Ngoche,Death,spin,0,4,4,1,0.0,0.0,KKR
A Zampa,Middle,neutralish,0,1,1,1,0.0,0.0,SRH
PN Mankad,Death,pace,0,1,1,1,0.0,0.0,
MP Yadav,Death,neutralish,0,3,3,1,0.0,0.0,KKR
Noor Ahmad,Middle,spin,0,9,9,1,0.0,0.0,KKR
Noor Ahmad,Middle,pace,0,1,1,1,0.0,0.0,KKR
Noor Ahmad,Death,pace,0,4,4,2,0.0,0.0,KKR
Naveen-ul-Haq,Middle,pace,0,2,2,1,0.0,0.0,
A Nagwaswalla,Middle,neutralish,0,3,3,1,0.0,0.0,RR
Naman Tiwari,Death,pace,0,2,2,1,0.0,0.0,CSK
AK Markram,Middle,neutralish,0,1,1,1,0.0,0.0,DC
NT Ellis,Middle,neutralish,0,13,13,0,,0.0,SRH
Yash Raj Punja,Death,neutralish,0,1,1,1,0.0,0.0,
A Mhatre,Death,neutralish,0,1,1,1,0.0,0.0,
Washington Sundar,PP,spin,0,3,3,0,,0.0,RCB
AU Rashid,Death,spin,0,1,1,1,0.0,0.0,
Ramandeep Singh,PP,pace,0,2,2,0,,0.0,RCB
Akshya Deka,Death,spin,0,1,1,1,0.0,0.0,MI
G Sai Venkata Sumith,Death,pace,0,1,1,1,0.0,0.0,
MM Ali,PP,spin,0,6,6,1,0.0,0.0,
J Miyaji,Middle,pace,0,1,1,0,,0.0,
TB Robinson,PP,neutralish,0,1,1,0,,0.0,
DG Nalkande,Death,pace,0,3,3,1,0.0,0.0,
TA Boult,PP,pace,0,1,1,1,0.0,0.0,
DA Payne,Death,spin,0,2,2,1,0.0,0.0,
DA Payne,Death,neutralish,0,1,1,1,0.0,0.0,
DA Miller,PP,pace,0,4,4,0,,0.0,
TA Boult,Middle,spin,0,1,1,0,,0.0,
D Visser,PP,pace,0,1,1,1,0.0,0.0,
D Padikkal,PP,pace,0,1,1,1,0.0,0.0,RR
JC Archer,Middle,neutralish,0,4,4,1,0.0,0.0,DC
JN Loftie-Eaton,PP,spin,0,2,2,1,0.0,0.0,
D Ferreira,Death,neutralish,0,1,1,1,0.0,0.0,
JO Holder,Middle,spin,0,1,1,1,0.0,0.0,
Cheepurapalli Stephen,Middle,pace,0,2,2,2,0.0,0.0,RR
Cheepurapalli Stephen,Death,pace,0,2,2,1,0.0,0.0,RR
DJ Bravo,PP,pace,0,1,1,1,0.0,0.0,
DJ Willey,Death,spin,0,1,1,1,0.0,0.0,
Anand Bais,Middle,pace,0,1,1,1,0.0,0.0,DC
TL Seifert,Death,pace,0,3,3,2,0.0,0.0,PBKS
Gourav Choudhury,PP,pace,0,1,1,0,,0.0,
Gurnoor Brar,Death,spin,0,1,1,1,0.0,0.0,DC
HJ Manenti,Death,neutralish,0,2,2,2,0.0,0.0,RCB
Ehsan Khan,Middle,spin,0,7,7,0,,0.0,CSK
HTRY Thornton,Middle,pace,0,1,1,1,0.0,0.0,
Tripuresh Singh,Death,neutralish,0,4,4,1,0.0,0.0,SRH
HV Patel,Death,neutralish,0,1,1,1,0.0,0.0,PBKS
Harpreet Brar,PP,spin,0,1,1,0,,0.0,
Harsh Tyagi,Death,spin,0,3,3,1,0.0,0.0,
Harsh Tyagi,Middle,pace,0,1,1,1,0.0,0.0,
Darshan Misal,Middle,pace,0,2,2,1,0.0,0.0,
Harshit Rana,Middle,neutralish,0,4,4,0,,0.0,
DW Lawrence,PP,pace,0,2,2,1,0.0,0.0,
Hemang Patel,Middle,spin,0,2,2,1,0.0,0.0,
Imran Tahir,Death,neutralish,0,2,2,0,,0.0,KKR
Junaid Siddique,Death,pace,0,3,3,3,0.0,0.0,RR
CV Varun,Middle,pace,0,1,1,0,,0.0,PBKS
V Shankar,Death,pace,0,3,3,1,0.0,0.0,
K L Shrijith,Middle,spin,0,1,1,1,0.0,0.0,PBKS
LR Chethan,Death,pace,0,1,1,1,0.0,0.0,LSG
Shivank Vashisth,Death,spin,0,1,1,0,,0.0,
Arslan Khan,PP,pace,0,1,1,1,0.0,0.0,
M Shahrukh Khan,Death,pace,0,1,1,1,0.0,0.0,
Arshdeep Singh,Death,neutralish,0,2,2,0,,0.0,LSG
M Theekshana,Death,neutralish,0,1,1,1,0.0,0.0,
MA Starc,Death,neutralish,0,1,2,1,0.0,0.0,MI
Shahbaz Ahmed,Middle,neutralish,0,8,8,1,0.0,0.0,KKR
MJ Santner,Death,pace,0,2,2,1,0.0,0.0,
Vishnu Vinod,PP,pace,0,2,2,1,0.0,0.0,GT
MJ Suthar,Death,spin,0,1,1,0,,0.0,
Shadab Khan,Middle,neutralish,0,1,1,0,,0.0,
Shadab Khan,Death,neutralish,0,7,9,3,0.0,0.0,
Sayed Irfan Aftab,Death,spin,0,6,6,1,0.0,0.0,PBKS
Anas Khan,Death,spin,0,2,2,1,0.0,0.0,LSG
LH Ferguson,Death,neutralish,0,2,2,1,0.0,0.0,
Kuldeep Yadav,Death,pace,0,2,2,1,0.0,0.0,LSG
VS Halambage,PP,spin,0,6,6,1,0.0,0.0,
Sonu Yadav,PP,spin,0,3,3,0,,0.0,CSK
KA Maharaj,Death,neutralish,0,1,1,1,0.0,0.0,RCB
CV Milind,Death,pace,0,1,1,0,,0.0,PBKS
KA Maharaj,Middle,pace,0,13,13,1,0.0,0.0,RCB
Sunny Sandhu,Death,spin,0,1,1,1,0.0,0.0,DC
Sunil Kumar,Death,pace,0,2,2,2,0.0,0.0,MI
KK Ahmed,Death,neutralish,0,2,2,1,0.0,0.0,
KR Sen,Death,pace,0,3,3,1,0.0,0.0,
Ashwin Shelke,Death,spin,0,3,3,1,0.0,0.0,DC
B Muzarabani,Death,pace,0,3,3,1,0.0,0.0,GT
Kaleem Sana,Death,pace,0,1,1,1,0.0,0.0,
B Indrajith,Death,pace,0,1,1,1,0.0,0.0,
Karan Lal,Middle,pace,0,1,1,1,0.0,0.0,RR
Khushdil Shah,Death,pace,0,1,1,1,0.0,0.0,
Kuldeep Yadav,Death,neutralish,0,3,3,2,0.0,0.0,LSG
Rohan Kunnummal,PP,neutralish,0,1,1,1,0.0,0.0,MI
