striker,phase,runs,balls,outs,fours,sixes,dots,SR,Bat_avg,bpb,dot_%,bowling_type,Curr_Tm
GJ Maxwell,PP,1755,935,38,249,48,303,187.7,46.18,3.15,32.41,pace,DC
Shubman Gill,PP,1721,964,35,221,56,314,178.53,49.17,3.48,32.57,pace,LSG
KL Rahul,Middle,1633,1074,25,110,57,206,152.05,65.32,6.43,19.18,spin,SRH
SV Samson,PP,1622,974,28,226,49,382,166.53,57.93,3.54,39.22,pace,GT
Abhishek Sharma,PP,1602,845,31,206,56,252,189.59,51.68,3.23,29.82,pace,MI
P Simran Singh,PP,1394,814,34,179,47,288,171.25,41.0,3.6,35.38,pace,SRH
PD Salt,PP,1380,839,30,171,49,329,164.48,46.0,3.81,39.21,pace,PBKS
Tilak Varma,PP,1345,827,22,176,45,335,162.64,61.14,3.74,40.51,pace,CSK
Naman Dhir,Middle,1286,829,25,101,30,117,155.13,51.44,6.33,14.11,spin,GT
SA Yadav,Middle,1284,786,27,84,61,165,163.36,47.56,5.42,20.99,spin,DC
V Kohli,PP,1252,729,32,185,31,267,171.74,39.12,3.38,36.63,pace,LSG
Shubman Gill,PP,1239,688,21,151,42,184,180.09,59.0,3.56,26.74,spin,LSG
Naman Dhir,Middle,1203,745,28,87,43,152,161.48,42.96,5.73,20.4,pace,GT
P Simran Singh,PP,1177,706,23,138,43,243,166.71,51.17,3.9,34.42,spin,SRH
S Dube,Middle,1144,776,26,63,55,195,147.42,44.0,6.58,25.13,spin,RR
GJ Maxwell,PP,1091,609,18,133,32,161,179.15,60.61,3.69,26.44,spin,DC
Abhishek Sharma,PP,1054,569,18,129,35,164,185.24,58.56,3.47,28.82,spin,MI
Shubman Gill,Middle,1047,658,23,77,36,136,159.12,45.52,5.82,20.67,spin,LSG
S Dube,Middle,1040,714,22,68,42,194,145.66,47.27,6.49,27.17,pace,RR
RD Gaikwad,PP,1035,673,24,132,30,250,153.79,43.12,4.15,37.15,pace,CSK
V Suryavanshi,PP,1027,602,18,132,35,222,170.6,57.06,3.6,36.88,spin,PBKS
SV Samson,PP,1022,646,24,146,20,253,158.2,42.58,3.89,39.16,spin,GT
PD Salt,PP,1013,591,25,112,43,213,171.4,40.52,3.81,36.04,spin,PBKS
SA Yadav,Middle,1012,609,25,98,33,142,166.17,40.48,4.65,23.32,pace,DC
GJ Maxwell,Middle,997,620,22,59,47,129,160.81,45.32,5.85,20.81,spin,DC
Ishan Kishan,PP,975,631,23,124,37,283,154.52,42.39,3.92,44.85,pace,KKR
N Pooran,Middle,973,655,16,58,42,177,148.55,60.81,6.55,27.02,pace,MI
N Sindhu,Middle,971,569,22,66,39,116,170.65,44.14,5.42,20.39,spin,DC
Priyansh Arya,PP,953,556,15,139,21,197,171.4,63.53,3.48,35.43,pace,RCB
N Pooran,Middle,936,625,17,59,39,160,149.76,55.06,6.38,25.6,spin,MI
Abhishek Sharma,Middle,935,557,29,72,38,108,167.86,32.24,5.06,19.39,spin,MI
JP Inglis,Middle,921,587,25,73,24,99,156.9,36.84,6.05,16.87,spin,GT
CH Gayle,PP,921,518,21,137,30,215,177.8,43.86,3.1,41.51,pace,RCB
Tilak Varma,Middle,919,623,20,60,30,132,147.51,45.95,6.92,21.19,spin,CSK
TM Head,PP,902,585,18,123,19,214,154.19,50.11,4.12,36.58,pace,KKR
Tilak Varma,Middle,902,602,33,58,43,165,149.83,27.33,5.96,27.41,pace,CSK
B Sai Sudharsan,Middle,900,577,12,69,28,110,155.98,75.0,5.95,19.06,spin,MI
FH Allen,PP,885,559,31,107,31,235,158.32,28.55,4.05,42.04,pace,SRH
SS Iyer,Middle,883,588,26,68,32,146,150.17,33.96,5.88,24.83,spin,KKR
R Smaran,Middle,878,558,19,51,31,112,157.35,46.21,6.8,20.07,spin,RR
V Suryavanshi,PP,876,548,18,116,19,198,159.85,48.67,4.06,36.13,pace,PBKS
Tilak Varma,PP,872,503,17,109,27,177,173.36,51.29,3.7,35.19,spin,CSK
Aniket Verma,Middle,871,505,17,67,40,111,172.48,51.24,4.72,21.98,spin,RR
RM Patidar,Middle,867,612,25,52,35,142,141.67,34.68,7.03,23.2,spin,RCB
SV Samson,Middle,859,574,22,58,31,131,149.65,39.05,6.45,22.82,spin,GT
RD Rickelton,PP,859,485,26,96,37,167,177.11,33.04,3.65,34.43,pace,RR
VR Iyer,Middle,854,599,15,63,25,139,142.57,56.93,6.81,23.21,spin,SRH
Shubman Gill,Middle,851,537,13,58,26,83,158.47,65.46,6.39,15.46,pace,LSG
Urvil Patel,Middle,850,561,18,56,31,128,151.52,47.22,6.45,22.82,spin,MI
H Klaasen,Middle,849,608,15,60,25,161,139.64,56.6,7.15,26.48,spin,
GJ Maxwell,Middle,848,515,25,69,35,118,164.66,33.92,4.95,22.91,pace,DC
P Simran Singh,Middle,840,571,25,55,29,109,147.11,33.6,6.8,19.09,spin,SRH
JP Inglis,PP,840,473,11,109,28,152,177.59,76.36,3.45,32.14,pace,GT
YBK Jaiswal,Death,837,349,15,73,56,66,239.83,55.8,2.71,18.91,pace,RR
C Green,Middle,832,501,23,56,41,108,166.07,36.17,5.16,21.56,pace,KKR
JM Sharma,Death,822,382,20,76,51,85,215.18,41.1,3.01,22.25,pace,RCB
SA Yadav,PP,821,484,16,102,32,189,169.63,51.31,3.61,39.05,pace,DC
Abhishek Sharma,Middle,801,522,19,51,32,114,153.45,42.16,6.29,21.84,pace,MI
Sameer Rizvi,Death,798,348,16,68,53,66,229.31,49.88,2.88,18.97,pace,LSG
C Green,Middle,795,550,23,60,25,137,144.55,34.57,6.47,24.91,spin,KKR
N Sindhu,PP,794,447,18,99,33,162,177.63,44.11,3.39,36.24,pace,DC
Priyansh Arya,PP,790,445,19,94,32,161,177.53,41.58,3.53,36.18,spin,RCB
RD Gaikwad,Middle,771,505,24,53,24,96,152.67,32.12,6.56,19.01,spin,CSK
FH Allen,PP,768,461,16,95,25,177,166.59,48.0,3.84,38.39,spin,SRH
Abishek Porel,Middle,760,497,21,44,33,126,152.92,36.19,6.45,25.35,spin,LSG
Abishek Porel,Middle,756,487,18,65,20,111,155.24,42.0,5.73,22.79,pace,LSG
N Sindhu,Middle,750,449,18,55,27,82,167.04,41.67,5.48,18.26,pace,DC
VR Iyer,Death,746,338,15,64,44,62,220.71,49.73,3.13,18.34,pace,SRH
YBK Jaiswal,Middle,741,487,19,55,24,108,152.16,39.0,6.16,22.18,spin,RR
N Rana,Middle,741,447,15,69,28,118,165.77,49.4,4.61,26.4,pace,GT
KL Rahul,Middle,740,521,17,51,22,119,142.03,43.53,7.14,22.84,pace,SRH
RD Gaikwad,PP,738,468,20,111,13,173,157.69,36.9,3.77,36.97,spin,CSK
Urvil Patel,PP,738,438,8,90,28,164,168.49,92.25,3.71,37.44,pace,MI
JP Inglis,PP,732,413,17,101,24,148,177.24,43.06,3.3,35.84,spin,GT
JM Sharma,Middle,728,451,15,54,33,103,161.42,48.53,5.18,22.84,spin,RCB
JC Buttler,Middle,716,469,23,47,27,109,152.67,31.13,6.34,23.24,spin,DC
AM Rahane,Middle,709,455,14,51,29,116,155.82,50.64,5.69,25.49,spin,
V Suryavanshi,Middle,709,465,24,50,27,104,152.47,29.54,6.04,22.37,spin,PBKS
SS Iyer,Middle,700,476,22,58,21,130,147.06,31.82,6.03,27.31,pace,KKR
RM Patidar,Middle,697,502,23,59,17,143,138.84,30.3,6.61,28.49,pace,RCB
WG Jacks,Middle,683,484,26,42,31,157,141.12,26.27,6.63,32.44,spin,RR
RD Gaikwad,Middle,682,400,17,52,28,80,170.5,40.12,5.0,20.0,pace,CSK
N Pooran,Death,680,317,28,60,42,72,214.51,24.29,3.11,22.71,pace,MI
V Kohli,PP,679,436,22,76,27,169,155.73,30.86,4.23,38.76,spin,LSG
Tarang Gohel,PP,676,376,17,110,11,129,179.79,39.76,3.11,34.31,pace,DC
TM Head,Middle,673,442,13,50,25,101,152.26,51.77,5.89,22.85,pace,KKR
CH Gayle,PP,672,384,11,94,19,146,175.0,61.09,3.4,38.02,spin,RCB
KL Rahul,PP,671,437,10,70,31,182,153.55,67.1,4.33,41.65,spin,SRH
WG Jacks,Middle,670,451,17,39,26,109,148.56,39.41,6.94,24.17,pace,RR
Urvil Patel,PP,666,411,11,83,20,151,162.04,60.55,3.99,36.74,spin,MI
PD Salt,Middle,666,436,18,46,25,100,152.75,37.0,6.14,22.94,pace,PBKS
R Parag,Middle,662,429,10,42,27,97,154.31,66.2,6.22,22.61,spin,GT
SV Samson,Middle,658,447,23,48,18,101,147.2,28.61,6.77,22.6,pace,GT
SP Narine,PP,653,391,10,82,28,155,167.01,65.3,3.55,39.64,spin,SRH
Shashank Singh,Death,651,319,12,45,43,63,204.08,54.25,3.62,19.75,spin,PBKS
RG Sharma,Middle,651,444,17,54,24,127,146.62,38.29,5.69,28.6,pace,KKR
B Sai Sudharsan,PP,649,449,21,85,18,199,144.54,30.9,4.36,44.32,pace,MI
YBK Jaiswal,Middle,649,395,14,49,23,82,164.3,46.36,5.49,20.76,pace,RR
WL Madsen,Middle,646,420,13,35,27,86,153.81,49.69,6.77,20.48,spin,MI
JP Inglis,Middle,644,403,13,33,25,54,159.8,49.54,6.95,13.4,pace,GT
KA Pollard,Death,641,296,9,56,39,61,216.55,71.22,3.12,20.61,pace,RR
T Stubbs,Middle,636,463,18,44,23,143,137.37,35.33,6.91,30.89,pace,CSK
Ishan Kishan,Middle,634,438,16,41,24,97,144.75,39.62,6.74,22.15,spin,KKR
Shashank Singh,Death,633,304,14,51,36,53,208.22,45.21,3.49,17.43,pace,PBKS
RG Sharma,Middle,632,410,20,48,28,115,154.15,31.6,5.39,28.05,spin,KKR
VR Iyer,Death,630,303,14,54,35,51,207.92,45.0,3.4,16.83,spin,SRH
P Simran Singh,Middle,629,399,14,37,20,63,157.64,44.93,7.0,15.79,pace,SRH
RK Singh,Death,624,298,10,56,34,49,209.4,62.4,3.31,16.44,pace,PBKS
PD Salt,Middle,623,418,23,40,23,100,149.04,27.09,6.63,23.92,spin,PBKS
Atharva Taide,PP,623,358,10,78,23,131,174.02,62.3,3.54,36.59,pace,RCB
JC Buttler,Middle,618,384,12,44,26,94,160.94,51.5,5.49,24.48,pace,DC
Kartik Sharma,Middle,610,322,9,34,34,54,189.44,67.78,4.74,16.77,spin,SRH
RD Rickelton,PP,599,427,22,69,23,197,140.28,27.23,4.64,46.14,spin,RR
JM Sharma,Middle,598,420,18,30,28,135,142.38,33.22,7.24,32.14,pace,RCB
R Parag,Middle,597,413,19,47,24,126,144.55,31.42,5.82,30.51,pace,GT
AM Rahane,Middle,595,435,16,41,16,111,136.78,37.19,7.63,25.52,pace,
KL Rahul,PP,593,380,10,76,20,164,156.05,59.3,3.96,43.16,pace,SRH
V Kohli,Middle,586,444,22,40,17,131,131.98,26.64,7.79,29.5,spin,LSG
HH Pandya,Death,583,271,16,45,43,71,215.13,36.44,3.08,26.2,pace,LSG
R Smaran,Middle,580,391,18,25,25,92,148.34,32.22,7.82,23.53,pace,RR
Naman Dhir,Death,578,263,12,52,32,35,219.77,48.17,3.13,13.31,pace,GT
Sameer Rizvi,Death,577,258,11,53,34,40,223.64,52.45,2.97,15.5,spin,LSG
Aniket Verma,PP,573,265,10,77,26,82,216.23,57.3,2.57,30.94,spin,RR
CH Gayle,Middle,570,363,9,36,24,78,157.02,63.33,6.05,21.49,pace,RCB
SP Narine,PP,567,423,20,70,20,216,134.04,28.35,4.7,51.06,pace,SRH
R Parag,Death,567,295,25,45,36,77,192.2,22.68,3.64,26.1,pace,GT
S Dube,PP,566,360,9,79,16,149,157.22,62.89,3.79,41.39,pace,RR
B Sai Sudharsan,Middle,565,442,16,38,19,142,127.83,35.31,7.75,32.13,pace,MI
BM Duckett,PP,564,338,14,67,20,125,166.86,40.29,3.89,36.98,pace,SRH
Priyansh Arya,Middle,562,365,17,43,18,93,153.97,33.06,5.98,25.48,spin,RCB
Aniket Verma,Middle,562,334,17,40,26,74,168.26,33.06,5.06,22.16,pace,RR
Shashank Singh,Middle,561,449,22,32,16,133,124.94,25.5,9.35,29.62,spin,PBKS
V Kohli,Middle,561,375,11,39,17,81,149.6,51.0,6.7,21.6,pace,LSG
Priyansh Arya,Middle,555,326,16,41,19,55,170.25,34.69,5.43,16.87,pace,RCB
AD Russell,Death,555,277,11,37,40,69,200.36,50.45,3.6,24.91,pace,DC
WG Jacks,PP,554,353,15,63,21,132,156.94,36.93,4.2,37.39,pace,RR
Tarang Gohel,Middle,546,322,18,53,14,58,169.57,30.33,4.81,18.01,spin,DC
Ishan Kishan,Middle,546,375,21,44,18,107,145.6,26.0,6.05,28.53,pace,KKR
KL Rahul,Death,545,286,15,54,20,50,190.56,36.33,3.86,17.48,spin,SRH
YBK Jaiswal,Death,540,215,10,59,30,34,251.16,54.0,2.42,15.81,spin,RR
Naman Dhir,PP,538,297,7,72,14,81,181.14,76.86,3.45,27.27,pace,GT
KA Pollard,Middle,532,369,12,28,27,101,144.17,44.33,6.71,27.37,pace,RR
JC Buttler,PP,531,381,17,64,17,164,139.37,31.24,4.7,43.04,pace,DC
JM Sharma,Death,523,261,16,50,29,66,200.38,32.69,3.3,25.29,spin,RCB
N Sindhu,Death,521,235,16,26,40,42,221.7,32.56,3.56,17.87,pace,DC
R Parag,Death,517,227,16,33,39,47,227.75,32.31,3.15,20.7,spin,GT
Abishek Porel,Death,516,254,16,43,28,51,203.15,32.25,3.58,20.08,pace,LSG
SP Narine,Middle,513,342,22,24,26,89,150.0,23.32,6.84,26.02,spin,SRH
T Stubbs,Middle,513,367,15,29,24,104,139.78,34.2,6.92,28.34,spin,CSK
Urvil Patel,Middle,507,358,17,26,17,84,141.62,29.82,8.33,23.46,pace,MI
CH Gayle,Middle,506,339,16,20,25,74,149.26,31.62,7.53,21.83,spin,RCB
VR Iyer,Middle,502,352,13,35,15,82,142.61,38.62,7.04,23.3,pace,SRH
DP Conway,PP,488,318,15,50,19,125,153.46,32.53,4.61,39.31,pace,
PWH de Silva,Middle,487,271,11,31,29,59,179.7,44.27,4.52,21.77,spin,RCB
Sameer Rizvi,Middle,485,309,12,34,19,68,156.96,40.42,5.83,22.01,spin,LSG
YBK Jaiswal,PP,485,265,17,64,21,103,183.02,28.53,3.12,38.87,pace,RR
B Sai Sudharsan,PP,482,354,17,53,12,134,136.16,28.35,5.45,37.85,spin,MI
N Sindhu,PP,478,271,9,65,10,90,176.38,53.11,3.61,33.21,spin,DC
RD Rickelton,Middle,473,329,15,33,15,87,143.77,31.53,6.85,26.44,spin,RR
Aniket Verma,PP,473,267,9,57,20,97,177.15,52.56,3.47,36.33,pace,RR
Tarang Gohel,PP,472,261,6,58,23,102,180.84,78.67,3.22,39.08,spin,DC
SA Yadav,PP,470,274,5,61,15,87,171.53,94.0,3.61,31.75,spin,DC
Ishan Kishan,PP,469,306,10,57,17,123,153.27,46.9,4.14,40.2,spin,KKR
PP Shaw,PP,469,329,13,62,14,149,142.55,36.08,4.33,45.29,pace,
RG Sharma,Death,466,217,14,44,28,51,214.75,33.29,3.01,23.5,pace,KKR
TM Head,PP,463,298,12,58,15,122,155.37,38.58,4.08,40.94,spin,KKR
Shashank Singh,Middle,461,331,13,34,14,92,139.27,35.46,6.9,27.79,pace,PBKS
S Dube,Death,453,198,17,32,37,50,228.79,26.65,2.87,25.25,pace,RR
Jay Gohil,Death,451,216,10,39,26,48,208.8,45.1,3.32,22.22,pace,MI
BM Duckett,PP,444,267,11,46,19,81,166.29,40.36,4.11,30.34,spin,SRH
BJ McMullen,PP,442,281,7,54,14,106,157.3,63.14,4.13,37.72,pace,RCB
FH Allen,Middle,438,284,14,30,14,64,154.23,31.29,6.45,22.54,pace,SRH
KL Rahul,Death,437,217,14,46,18,41,201.38,31.21,3.39,18.89,pace,SRH
V Suryavanshi,Middle,433,290,15,35,7,53,149.31,28.87,6.9,18.28,pace,PBKS
WG Jacks,PP,431,336,15,51,15,159,128.27,28.73,5.09,47.32,spin,RR
RK Singh,Middle,428,299,11,34,10,65,143.14,38.91,6.8,21.74,pace,PBKS
Q de Kock,PP,426,301,11,36,20,114,141.53,38.73,5.38,37.87,spin,
Naman Dhir,Death,424,209,15,34,25,52,202.87,28.27,3.54,24.88,spin,GT
S Dube,PP,423,258,5,56,11,95,163.95,84.6,3.85,36.82,spin,RR
KA Pollard,Middle,418,283,12,27,17,77,147.7,34.83,6.43,27.21,spin,RR
Kartik Sharma,Middle,417,258,17,19,23,61,161.63,24.53,6.14,23.64,pace,SRH
C Green,PP,412,263,11,52,12,99,156.65,37.45,4.11,37.64,pace,KKR
N Pooran,Death,411,190,10,33,27,38,216.32,41.1,3.17,20.0,spin,MI
C Green,Death,410,184,14,37,23,29,222.83,29.29,3.07,15.76,pace,KKR
Naman Dhir,PP,409,221,9,60,11,65,185.07,45.44,3.11,29.41,spin,GT
Sameer Rizvi,Middle,408,266,10,34,13,67,153.38,40.8,5.66,25.19,pace,LSG
J Fraser-McGurk,PP,405,196,8,57,15,57,206.63,50.62,2.72,29.08,spin,DC
MP Stoinis,PP,405,271,10,54,13,117,149.45,40.5,4.04,43.17,pace,
BJ McMullen,Middle,403,262,13,36,11,76,153.82,31.0,5.57,29.01,pace,RCB
Q de Kock,PP,401,256,10,47,16,98,156.64,40.1,4.06,38.28,pace,
JC Buttler,Death,400,191,12,32,25,44,209.42,33.33,3.35,23.04,pace,DC
H Klaasen,Middle,399,264,12,31,13,70,151.14,33.25,6.0,26.52,pace,
RD Rickelton,Middle,397,263,12,28,14,56,150.95,33.08,6.26,21.29,pace,RR
SA Yadav,Death,397,185,11,39,22,40,214.59,36.09,3.03,21.62,pace,DC
S Dube,Death,394,183,11,34,22,38,215.3,35.82,3.27,20.77,spin,RR
BM Duckett,Middle,392,263,11,23,12,50,149.05,35.64,7.51,19.01,spin,SRH
Nithish Kumar Reddy,Death,391,195,11,24,25,38,200.51,35.55,3.98,19.49,spin,GT
RR Rossouw,Middle,391,266,9,31,11,58,146.99,43.44,6.33,21.8,pace,
N Rana,PP,388,253,7,44,17,113,153.36,55.43,4.15,44.66,pace,GT
PWH de Silva,PP,386,200,10,56,14,65,193.0,38.6,2.86,32.5,pace,RCB
T Stubbs,Death,383,198,12,33,19,41,193.43,31.92,3.81,20.71,pace,CSK
H Klaasen,Death,381,219,16,26,23,53,173.97,23.81,4.47,24.2,spin,
N Rana,Death,372,189,9,31,21,37,196.83,41.33,3.63,19.58,pace,GT
HH Pandya,Death,371,183,14,29,23,40,202.73,26.5,3.52,21.86,spin,LSG
Nithish Kumar Reddy,Middle,370,267,16,31,14,94,138.58,23.12,5.93,35.21,pace,GT
Tanush Kotian,Death,370,152,15,44,21,34,243.42,24.67,2.34,22.37,pace,CSK
Atharva Taide,Middle,369,262,10,21,10,48,140.84,36.9,8.45,18.32,pace,RCB
DP Conway,Middle,367,250,3,26,8,46,146.8,122.33,7.35,18.4,spin,
Tushar Raheja,PP,366,186,6,53,14,68,196.77,61.0,2.78,36.56,spin,KKR
V Nigam,Death,366,169,7,36,22,43,216.57,52.29,2.91,25.44,pace,GT
FH Allen,Middle,364,232,15,23,16,54,156.9,24.27,5.95,23.28,spin,SRH
LS Livingstone,Middle,360,317,20,19,15,119,113.56,18.0,9.32,37.54,spin,PBKS
AM Rahane,PP,360,253,11,41,15,117,142.29,32.73,4.52,46.25,pace,
MP Stoinis,Middle,358,231,14,36,12,65,154.98,25.57,4.81,28.14,pace,
Abishek Porel,Death,357,182,11,33,19,44,196.15,32.45,3.5,24.18,spin,LSG
RM Patidar,Death,352,166,9,36,20,46,212.05,39.11,2.96,27.71,pace,RCB
Tanush Kotian,Death,350,164,15,40,19,46,213.41,23.33,2.78,28.05,spin,CSK
J Fraser-McGurk,PP,350,219,16,49,14,102,159.82,21.88,3.48,46.58,pace,DC
SS Iyer,PP,350,248,12,49,6,103,141.13,29.17,4.51,41.53,pace,KKR
PWH de Silva,Middle,349,183,13,22,25,43,190.71,26.85,3.89,23.5,pace,RCB
Tarang Gohel,Middle,348,199,8,39,6,30,174.87,43.5,4.42,15.08,pace,DC
JP Inglis,Death,347,160,13,29,20,26,216.88,26.69,3.27,16.25,pace,GT
GD Phillips,Death,345,152,12,29,22,32,226.97,28.75,2.98,21.05,pace,RR
AK Markram,Death,343,202,14,21,21,69,169.8,24.5,4.81,34.16,spin,DC
N Sindhu,Death,342,139,5,19,29,24,246.04,68.4,2.9,17.27,spin,DC
F du Plessis,Middle,342,247,6,19,14,64,138.46,57.0,7.48,25.91,pace,
BJ McMullen,Middle,336,245,14,30,10,75,137.14,24.0,6.12,30.61,spin,RCB
PHKD Mendis,Middle,335,220,12,18,18,65,152.27,27.92,6.11,29.55,spin,PBKS
SA Yadav,Death,328,159,12,24,20,32,206.29,27.33,3.61,20.13,spin,DC
Aniket Verma,Death,325,160,10,26,21,36,203.12,32.5,3.4,22.5,pace,RR
SS Iyer,PP,324,224,7,39,10,98,144.64,46.29,4.57,43.75,spin,KKR
Tushar Raheja,PP,323,168,9,46,14,71,192.26,35.89,2.8,42.26,pace,KKR
D Brevis,Middle,320,256,8,15,16,85,125.0,40.0,8.26,33.2,spin,GT
SU Parakh,PP,319,195,6,52,5,83,163.59,53.17,3.42,42.56,pace,SRH
SP Narine,Middle,317,228,16,23,11,73,139.04,19.81,6.71,32.02,pace,SRH
Arshad Khan,Death,317,163,11,30,17,41,194.48,28.82,3.47,25.15,pace,CSK
Dhruv Jurel,Middle,316,233,11,17,14,78,135.62,28.73,7.52,33.48,spin,CSK
T Stubbs,Death,314,165,7,29,15,39,190.3,44.86,3.75,23.64,spin,CSK
GJ Maxwell,Death,313,133,6,18,25,19,235.34,52.17,3.09,14.29,pace,DC
SS Iyer,Death,310,167,7,24,15,33,185.63,44.29,4.28,19.76,pace,KKR
Nithish Kumar Reddy,Middle,308,237,8,15,12,68,129.96,38.5,8.78,28.69,spin,GT
CH Gayle,Death,308,121,7,17,30,21,254.55,44.0,2.57,17.36,pace,RCB
GD Phillips,Death,304,135,13,19,24,39,225.19,23.38,3.14,28.89,spin,RR
TP Ura,Middle,303,184,5,21,13,36,164.67,60.6,5.41,19.57,spin,PBKS
KK Nair,Middle,298,210,7,19,10,51,141.9,42.57,7.24,24.29,spin,CSK
LS Livingstone,Middle,298,199,7,22,11,49,149.75,42.57,6.03,24.62,pace,PBKS
DP Conway,PP,296,218,9,35,8,87,135.78,32.89,5.07,39.91,spin,
PHKD Mendis,Middle,295,181,7,22,12,42,162.98,42.14,5.32,23.2,pace,PBKS
Atharva Taide,PP,293,196,4,30,12,88,149.49,73.25,4.67,44.9,spin,RCB
PHKD Mendis,Death,293,146,14,31,15,42,200.68,20.93,3.17,28.77,pace,PBKS
N Rana,Middle,290,242,21,24,8,83,119.83,13.81,7.56,34.3,spin,GT
SS Iyer,Death,286,162,14,20,17,40,176.54,20.43,4.38,24.69,spin,KKR
Tilak Varma,Death,286,149,10,23,15,29,191.95,28.6,3.92,19.46,spin,CSK
PP Shaw,PP,285,185,6,33,8,61,154.05,47.5,4.51,32.97,spin,
Suryansh Shedge,Death,285,166,19,22,20,71,171.69,15.0,3.95,42.77,pace,KKR
PP Shaw,Middle,284,196,10,20,8,46,144.9,28.4,7.0,23.47,spin,
Urvil Patel,Death,284,140,8,20,16,28,202.86,35.5,3.89,20.0,spin,MI
BM Duckett,Middle,284,192,3,18,8,35,147.92,94.67,7.38,18.23,pace,SRH
LS Livingstone,PP,283,219,5,28,13,96,129.22,56.6,5.34,43.84,spin,PBKS
Dhruv Jurel,Middle,282,216,8,20,8,67,130.56,35.25,7.71,31.02,pace,CSK
HH Pandya,Middle,280,221,12,21,7,77,126.7,23.33,7.89,34.84,spin,LSG
S Arora,Middle,279,174,5,13,13,32,160.34,55.8,6.69,18.39,spin,KKR
Chirag Jani,Middle,279,170,9,18,12,39,164.12,31.0,5.67,22.94,pace,RCB
D Wiese,Death,279,112,7,27,18,20,249.11,39.86,2.49,17.86,pace,KKR
AM Rahane,PP,278,235,7,34,7,121,118.3,39.71,5.73,51.49,spin,
TM Head,Middle,278,202,9,23,8,50,137.62,30.89,6.52,24.75,spin,KKR
MR Marsh,PP,274,161,1,30,11,53,170.19,274.0,3.93,32.92,pace,KKR
RA Jadeja,Death,273,161,11,25,16,65,169.57,24.82,3.93,40.37,spin,CSK
RM Patidar,PP,273,225,13,38,6,119,121.33,21.0,5.11,52.89,pace,RCB
MP Stoinis,Middle,270,195,7,14,11,51,138.46,38.57,7.8,26.15,spin,
Abdul Samad,Death,270,151,11,27,13,43,178.81,24.55,3.78,28.48,pace,KKR
BJ McMullen,PP,269,177,7,29,12,79,151.98,38.43,4.32,44.63,spin,RCB
WL Madsen,Death,268,156,10,25,9,29,171.79,26.8,4.59,18.59,spin,MI
LS Livingstone,PP,268,176,6,26,14,71,152.27,44.67,4.4,40.34,pace,PBKS
JC Buttler,PP,267,154,8,32,9,52,173.38,33.38,3.76,33.77,spin,DC
PWH de Silva,PP,266,141,3,44,6,54,188.65,88.67,2.82,38.3,spin,RCB
Abishek Porel,PP,266,161,2,41,5,65,165.22,133.0,3.5,40.37,pace,LSG
Urvil Patel,Death,266,139,8,28,10,28,191.37,33.25,3.66,20.14,pace,MI
RG Sharma,PP,261,182,4,29,9,73,143.41,65.25,4.79,40.11,spin,KKR
MR Marsh,Middle,261,187,9,19,11,62,139.57,29.0,6.23,33.16,spin,KKR
MJ Owen,PP,261,177,12,24,13,78,147.46,21.75,4.78,44.07,pace,MI
JP Inglis,Death,260,126,11,19,17,28,206.35,23.64,3.5,22.22,spin,GT
RG Sharma,Death,260,128,15,22,15,29,203.12,17.33,3.46,22.66,spin,KKR
V Nigam,Death,260,125,9,19,20,37,208.0,28.89,3.21,29.6,spin,GT
GD Phillips,Middle,259,180,12,16,11,49,143.89,21.58,6.67,27.22,spin,RR
WG Jacks,Death,259,112,8,17,20,20,231.25,32.38,3.03,17.86,spin,RR
AB de Villiers,Middle,257,210,7,14,9,68,122.38,36.71,9.13,32.38,spin,
RM Patidar,Death,256,136,12,16,16,30,188.24,21.33,4.25,22.06,spin,RCB
MR Marsh,Middle,254,178,6,12,10,36,142.7,42.33,8.09,20.22,pace,KKR
Washington Sundar,Death,253,144,8,19,14,41,175.69,31.62,4.36,28.47,pace,RCB
MJ Owen,Middle,251,161,10,18,8,37,155.9,25.1,6.19,22.98,spin,MI
AD Russell,Death,251,139,12,19,18,48,180.58,20.92,3.76,34.53,spin,DC
Q de Kock,Middle,248,192,9,14,10,58,129.17,27.56,8.0,30.21,spin,
RA Jadeja,Death,248,138,12,14,18,40,179.71,20.67,4.31,28.99,pace,CSK
RM Patidar,PP,247,178,5,27,7,67,138.76,49.4,5.24,37.64,spin,RCB
F du Plessis,PP,247,218,13,19,9,98,113.3,19.0,7.79,44.95,pace,
Kartik Sharma,Death,247,109,8,22,14,25,226.61,30.88,3.03,22.94,pace,SRH
TL Seifert,PP,245,138,6,34,6,49,177.54,40.83,3.45,35.51,pace,PBKS
Ashutosh Sharma,Middle,245,167,10,15,10,49,146.71,24.5,6.68,29.34,pace,GT
Anmolpreet Singh,Death,245,123,14,31,11,36,199.19,17.5,2.93,29.27,pace,KKR
Dhruv Jurel,Death,244,125,7,25,11,33,195.2,34.86,3.47,26.4,pace,CSK
V Kohli,Death,241,131,7,19,12,33,183.97,34.43,4.23,25.19,pace,LSG
YBK Jaiswal,PP,239,152,11,33,7,61,157.24,21.73,3.8,40.13,spin,RR
HH Pandya,Middle,239,167,11,10,13,50,143.11,21.73,7.26,29.94,pace,LSG
Abhishek Sharma,Death,237,130,3,17,11,20,182.31,79.0,4.64,15.38,pace,MI
RD Gaikwad,Death,235,114,8,25,13,25,206.14,29.38,3.0,21.93,spin,CSK
RR Rossouw,Death,234,105,8,13,20,27,222.86,29.25,3.18,25.71,pace,
J Fraser-McGurk,Middle,233,145,9,15,12,33,160.69,25.89,5.37,22.76,spin,DC
Q de Kock,Middle,233,158,8,21,6,42,147.47,29.12,5.85,26.58,pace,
Karan Shinde,Death,233,116,9,22,13,33,200.86,25.89,3.31,28.45,pace,SRH
Nithish Kumar Reddy,Death,233,129,10,18,14,33,180.62,23.3,4.03,25.58,pace,GT
GD Phillips,Middle,232,142,3,12,13,34,163.38,77.33,5.68,23.94,pace,RR
WG Jacks,Death,230,134,14,13,13,28,171.64,16.43,5.15,20.9,pace,RR
TH David,Middle,229,161,9,16,10,57,142.24,25.44,6.19,35.4,spin,
R Smaran,PP,227,177,9,25,7,79,128.25,25.22,5.53,44.63,pace,RR
D Brevis,Death,226,112,3,22,12,25,201.79,75.33,3.29,22.32,pace,GT
MW Short,PP,225,141,3,34,4,56,159.57,75.0,3.71,39.72,pace,MI
RK Singh,Middle,223,193,11,14,6,65,115.54,20.27,9.65,33.68,spin,PBKS
AM Rahane,Death,220,119,15,22,12,34,184.87,14.67,3.5,28.57,pace,
Abdul Samad,Middle,219,124,3,15,11,32,176.61,73.0,4.77,25.81,pace,KKR
BJ McMullen,Death,219,112,10,20,14,33,195.54,21.9,3.29,29.46,pace,RCB
MJ Owen,Death,219,111,10,25,9,26,197.3,21.9,3.26,23.42,pace,MI
AR Patel,Death,218,126,12,23,12,50,173.02,18.17,3.6,39.68,spin,PBKS
JC Buttler,Death,218,131,12,17,9,35,166.41,18.17,5.04,26.72,spin,DC
Anmolpreet Singh,Middle,215,163,4,11,7,35,131.9,53.75,9.06,21.47,pace,KKR
C Green,PP,214,163,3,24,8,79,131.29,71.33,5.09,48.47,spin,KKR
R Powell,Middle,213,145,7,12,13,47,146.9,30.43,5.8,32.41,pace,
MP Stoinis,Death,212,106,5,13,15,24,200.0,42.4,3.79,22.64,pace,
D Brevis,Middle,211,130,6,17,9,39,162.31,35.17,5.0,30.0,pace,GT
N Wadhera,Middle,211,171,4,12,12,73,123.39,52.75,7.12,42.69,pace,
S Arora,Middle,211,124,8,16,8,23,170.16,26.38,5.17,18.55,pace,KKR
RR Rossouw,Middle,210,156,8,16,7,49,134.62,26.25,6.78,31.41,spin,
Jay Gohil,Death,209,88,5,26,11,20,237.5,41.8,2.38,22.73,spin,MI
RD Gaikwad,Death,209,101,4,23,8,20,206.93,52.25,3.26,19.8,pace,CSK
TL Seifert,PP,208,121,5,28,10,50,171.9,41.6,3.18,41.32,spin,PBKS
TH David,Middle,208,131,6,17,7,27,158.78,34.67,5.46,20.61,pace,
MJ Owen,Middle,207,136,4,15,4,25,152.21,51.75,7.16,18.38,pace,MI
AB de Villiers,Death,207,92,8,13,16,21,225.0,25.88,3.17,22.83,pace,
Chirag Jani,Death,207,105,12,21,12,30,197.14,17.25,3.18,28.57,pace,RCB
Shubman Gill,Death,207,119,8,16,9,19,173.95,25.88,4.76,15.97,pace,LSG
BA Stokes,PP,206,151,11,22,9,75,136.42,18.73,4.87,49.67,pace,
MW Short,Middle,205,126,9,19,7,25,162.7,22.78,4.85,19.84,pace,MI
WL Madsen,Middle,203,138,5,13,6,26,147.1,40.6,7.26,18.84,pace,MI
R Powell,Death,201,102,8,19,11,26,197.06,25.12,3.4,25.49,pace,
MR Marsh,Death,200,94,5,14,13,16,212.77,40.0,3.48,17.02,pace,KKR
PWH de Silva,Death,199,92,2,19,10,13,216.3,99.5,3.17,14.13,spin,RCB
MP Stoinis,PP,196,164,5,25,3,77,119.51,39.2,5.86,46.95,spin,
R Smaran,PP,193,123,5,29,3,52,156.91,38.6,3.84,42.28,spin,RR
R Smaran,Death,193,117,11,17,6,31,164.96,17.55,5.09,26.5,spin,RR
AR Patel,Middle,190,165,8,11,8,71,115.15,23.75,8.68,43.03,spin,PBKS
DP Conway,Middle,190,121,5,20,5,29,157.02,38.0,4.84,23.97,pace,
Jay Gohil,Middle,190,112,4,11,10,28,169.64,47.5,5.33,25.0,pace,MI
RR Pant,Middle,188,133,5,19,4,40,141.35,37.6,5.78,30.08,pace,
HC Brook,Middle,187,127,5,9,10,40,147.24,37.4,6.68,31.5,pace,GT
F du Plessis,PP,186,180,5,15,7,88,103.33,37.2,8.18,48.89,spin,
H Klaasen,PP,186,153,5,23,5,65,121.57,37.2,5.46,42.48,spin,
Atharva Taide,Middle,186,124,6,11,7,27,150.0,31.0,6.89,21.77,spin,RCB
Ashutosh Sharma,Death,186,109,10,15,8,29,170.64,18.6,4.74,26.61,pace,GT
Ishan Kishan,Death,185,93,5,11,11,19,198.92,37.0,4.23,20.43,spin,KKR
N Wadhera,Death,185,128,17,18,9,56,144.53,10.88,4.74,43.75,pace,
Tilak Varma,Death,185,102,6,16,8,20,181.37,30.83,4.25,19.61,pace,CSK
Abishek Porel,PP,184,125,3,24,6,54,147.2,61.33,4.17,43.2,spin,LSG
AK Markram,Middle,184,171,7,15,5,71,107.6,26.29,8.55,41.52,spin,DC
Rahul Singh,PP,184,128,4,27,2,44,143.75,46.0,4.41,34.38,pace,
C Green,Death,183,91,6,13,12,21,201.1,30.5,3.64,23.08,spin,KKR
RG Sharma,PP,183,115,10,26,3,45,159.13,18.3,3.97,39.13,pace,KKR
PP Shaw,Middle,182,131,10,13,5,43,138.93,18.2,7.28,32.82,pace,
V Nigam,Middle,181,115,0,11,9,31,157.39,inf,5.75,26.96,spin,GT
N Pooran,PP,181,142,4,27,4,70,127.46,45.25,4.58,49.3,pace,MI
Abdul Samad,Middle,180,168,8,15,4,67,107.14,22.5,8.84,39.88,spin,KKR
AM Rahane,Death,180,110,7,18,5,24,163.64,25.71,4.78,21.82,spin,
KA Pollard,Death,180,99,7,12,11,29,181.82,25.71,4.3,29.29,spin,RR
Abdul Samad,Death,179,126,9,13,7,36,142.06,19.89,6.3,28.57,spin,KKR
PHKD Mendis,Death,179,109,4,14,10,39,164.22,44.75,4.54,35.78,spin,PBKS
Aniket Verma,Death,177,95,9,12,11,23,186.32,19.67,4.13,24.21,spin,RR
AR Patel,Middle,177,134,8,12,8,56,132.09,22.12,6.7,41.79,pace,PBKS
Abhishek Pathak,Middle,176,123,4,12,4,17,143.09,44.0,7.69,13.82,pace,RCB
Ramandeep Singh,Death,176,101,9,10,13,32,174.26,19.56,4.39,31.68,pace,RCB
JM Bairstow,PP,175,123,5,22,5,47,142.28,35.0,4.56,38.21,pace,
AD Russell,Middle,174,139,7,7,11,59,125.18,24.86,7.72,42.45,spin,DC
TL Seifert,Middle,173,117,6,15,4,28,147.86,28.83,6.16,23.93,spin,PBKS
H Klaasen,PP,172,130,5,22,5,62,132.31,34.4,4.81,47.69,pace,
Tanush Kotian,Middle,171,121,6,19,5,43,141.32,28.5,5.04,35.54,spin,CSK
P Simran Singh,Death,169,92,7,6,11,15,183.7,24.14,5.41,16.3,spin,SRH
BA Stokes,Death,169,101,7,18,6,37,167.33,24.14,4.21,36.63,pace,
Hassan Nawaz,Middle,168,118,6,12,6,38,142.37,28.0,6.56,32.2,pace,
Vansh Bedi,Middle,167,103,9,10,7,18,162.14,18.56,6.06,17.48,spin,PBKS
Abhishek Pathak,Death,167,67,2,20,8,12,249.25,83.5,2.39,17.91,pace,RCB
PD Salt,Death,167,86,7,10,11,18,194.19,23.86,4.1,20.93,pace,PBKS
AR Patel,Death,166,108,10,17,6,32,153.7,16.6,4.7,29.63,pace,PBKS
JG Bethell,Middle,165,134,6,11,7,49,123.13,27.5,7.44,36.57,spin,
D Brevis,Death,165,96,7,13,9,26,171.88,23.57,4.36,27.08,spin,GT
TP Ura,Death,165,78,8,17,8,19,211.54,20.62,3.12,24.36,spin,PBKS
V Kohli,Death,164,88,7,16,8,24,186.36,23.43,3.67,27.27,spin,LSG
N Wadhera,Death,162,97,10,9,12,33,167.01,16.2,4.62,34.02,spin,
B Sai Sudharsan,Death,161,95,10,8,11,28,169.47,16.1,5.0,29.47,pace,MI
R Smaran,Death,161,91,10,13,8,28,176.92,16.1,4.33,30.77,pace,RR
KK Nair,Death,160,73,7,7,13,15,219.18,22.86,3.65,20.55,spin,CSK
Ishan Kishan,Death,160,88,8,14,8,20,181.82,20.0,4.0,22.73,pace,KKR
LS Livingstone,Death,159,119,10,9,11,55,133.61,15.9,5.95,46.22,spin,PBKS
Shubman Gill,Death,159,103,6,9,6,19,154.37,26.5,6.87,18.45,spin,LSG
DJ Hooda,Middle,159,120,9,15,5,48,132.5,17.67,6.0,40.0,pace,
MJ Owen,PP,157,90,4,18,8,38,174.44,39.25,3.46,42.22,spin,MI
B Sai Sudharsan,Death,157,102,11,13,5,29,153.92,14.27,5.67,28.43,spin,MI
RK Singh,Death,157,112,8,11,9,48,140.18,19.62,5.6,42.86,spin,PBKS
Karan Shinde,Death,155,73,6,10,12,21,212.33,25.83,3.32,28.77,spin,SRH
Ajay Rohera,PP,155,86,3,27,3,32,180.23,51.67,2.87,37.21,pace,LSG
KK Nair,Death,155,64,4,6,15,13,242.19,38.75,3.05,20.31,pace,CSK
Rashid Khan,Death,154,112,6,12,6,46,137.5,25.67,6.22,41.07,spin,RCB
S Arora,PP,154,72,1,15,9,22,213.89,154.0,3.0,30.56,pace,KKR
MK Pandey,Middle,154,124,7,13,5,47,124.19,22.0,6.89,37.9,pace,
F du Plessis,Middle,152,128,8,11,3,41,118.75,19.0,9.14,32.03,spin,
JJ Smit,Death,152,84,12,17,7,31,180.95,12.67,3.5,36.9,pace,PBKS
AB de Villiers,Death,151,68,6,7,15,21,222.06,25.17,3.09,30.88,spin,
Abhishek Sharma,Death,151,75,7,13,9,16,201.33,21.57,3.41,21.33,spin,MI
Kartik Sharma,Death,151,71,7,11,11,20,212.68,21.57,3.23,28.17,spin,SRH
Washington Sundar,Middle,151,113,3,11,5,38,133.63,50.33,7.06,33.63,pace,RCB
H Klaasen,Death,151,93,6,9,9,26,162.37,25.17,5.17,27.96,pace,
TH David,Death,151,83,5,9,9,20,181.93,30.2,4.61,24.1,pace,
Utkarsh Singh,Death,149,78,9,9,14,32,191.03,16.56,3.39,41.03,spin,RR
Rahul Singh,Middle,148,91,7,12,8,26,162.64,21.14,4.55,28.57,pace,
Ramandeep Singh,Middle,148,118,9,10,2,43,125.42,16.44,9.83,36.44,pace,RCB
DJ Hooda,PP,147,97,3,16,5,37,151.55,49.0,4.62,38.14,pace,
GF Linde,Death,146,83,8,18,7,33,175.9,18.25,3.32,39.76,spin,GT
GJ Maxwell,Death,146,84,5,9,8,20,173.81,29.2,4.94,23.81,spin,DC
MS Dhoni,Death,146,86,3,10,7,22,169.77,48.67,5.06,25.58,pace,
AB de Villiers,Middle,145,76,3,13,5,14,190.79,48.33,4.22,18.42,pace,
Rahul Singh,PP,144,75,3,14,9,28,192.0,48.0,3.26,37.33,spin,
SU Parakh,PP,144,98,5,15,7,48,146.94,28.8,4.45,48.98,spin,SRH
AD Russell,Middle,144,98,3,8,8,31,146.94,48.0,6.12,31.63,pace,DC
Abhishek Pathak,Middle,143,87,1,6,8,13,164.37,143.0,6.21,14.94,spin,RCB
Rohan Kunnummal,PP,143,82,4,23,3,30,174.39,35.75,3.15,36.59,pace,MI
Shashank Singh,PP,143,76,3,19,4,20,188.16,47.67,3.3,26.32,pace,PBKS
KK Nair,Middle,143,100,0,8,4,19,143.0,inf,8.33,19.0,pace,CSK
N Wadhera,Middle,141,109,1,8,6,35,129.36,141.0,7.79,32.11,spin,
WL Madsen,PP,139,97,1,24,0,40,143.3,139.0,4.04,41.24,spin,MI
Sikandar Raza,Middle,139,112,6,10,6,43,124.11,23.17,7.0,38.39,spin,
S Arora,Death,138,55,2,15,8,10,250.91,69.0,2.39,18.18,spin,KKR
Kartik Sharma,PP,138,72,1,16,8,31,191.67,138.0,3.0,43.06,pace,SRH
KA Pollard,PP,137,81,1,17,4,27,169.14,137.0,3.86,33.33,pace,RR
KD Karthik,Death,135,58,5,12,10,16,232.76,27.0,2.64,27.59,pace,
Dhruv Jurel,PP,134,70,2,18,5,25,191.43,67.0,3.04,35.71,pace,CSK
Priyansh Arya,Death,134,51,6,14,8,8,262.75,22.33,2.32,15.69,pace,RCB
Chirag Jani,Middle,133,102,6,9,5,37,130.39,22.17,7.29,36.27,spin,RCB
Arshad Khan,Death,133,86,9,16,4,32,154.65,14.78,4.3,37.21,spin,CSK
Dhruv Jurel,Death,133,104,11,6,6,32,127.88,12.09,8.67,30.77,spin,CSK
AK Markram,PP,133,81,2,15,5,29,164.2,66.5,4.05,35.8,pace,DC
Vansh Bedi,Middle,133,89,3,14,3,24,149.44,44.33,5.24,26.97,pace,PBKS
BA Stokes,Middle,132,104,8,7,7,45,126.92,16.5,7.43,43.27,pace,
N Pooran,PP,131,108,4,11,7,55,121.3,32.75,6.0,50.93,spin,MI
Sakibul Gani,Death,131,69,7,9,9,24,189.86,18.71,3.83,34.78,pace,RR
J Fraser-McGurk,Middle,130,90,7,5,7,29,144.44,18.57,7.5,32.22,pace,DC
VR Iyer,PP,129,67,1,13,7,24,192.54,129.0,3.35,35.82,spin,SRH
Anmolpreet Singh,Death,129,67,6,13,7,19,192.54,21.5,3.35,28.36,spin,KKR
FH Allen,Death,129,64,5,11,7,13,201.56,25.8,3.56,20.31,pace,SRH
BA Stokes,Middle,127,81,4,9,7,28,156.79,31.75,5.06,34.57,spin,
Sikandar Raza,Middle,127,82,4,6,9,24,154.88,31.75,5.47,29.27,pace,
V Suryavanshi,Death,127,63,7,17,4,14,201.59,18.14,3.0,22.22,pace,PBKS
R Powell,Middle,126,100,6,7,5,34,126.0,21.0,8.33,34.0,spin,
N Rana,PP,125,83,5,18,5,40,150.6,25.0,3.61,48.19,spin,GT
F du Plessis,Death,125,76,4,13,4,20,164.47,31.25,4.47,26.32,pace,
Ramandeep Singh,Middle,124,78,4,6,6,22,158.97,31.0,6.5,28.21,spin,RCB
YK Pathan,Death,124,65,6,7,11,22,190.77,20.67,3.61,33.85,spin,
DAJ Bracewell,Death,124,61,6,12,8,22,203.28,20.67,3.05,36.07,pace,
Kartik Sharma,PP,123,67,1,21,0,21,183.58,123.0,3.19,31.34,spin,SRH
Ishaan Gadekar,Middle,123,70,7,5,7,19,175.71,17.57,5.83,27.14,spin,
SV Samson,Death,123,64,9,10,6,11,192.19,13.67,4.0,17.19,spin,GT
Vansh Bedi,Death,123,54,2,17,3,6,227.78,61.5,2.7,11.11,pace,PBKS
Rahul Singh,Middle,122,91,6,6,6,30,134.07,20.33,7.58,32.97,spin,
Washington Sundar,Death,122,116,12,5,6,57,105.17,10.17,10.55,49.14,spin,RCB
MS Dhoni,Middle,122,77,6,11,2,22,158.44,20.33,5.92,28.57,pace,
Anmolpreet Singh,Middle,121,84,3,9,2,23,144.05,40.33,7.64,27.38,spin,KKR
DR Mousley,Middle,121,88,5,13,1,28,137.5,24.2,6.29,31.82,pace,LSG
R Shepherd,Death,120,76,16,10,9,33,157.89,7.5,4.0,43.42,pace,SRH
Chirag Jani,Death,119,52,4,7,11,14,228.85,29.75,2.89,26.92,spin,RCB
AK Markram,Middle,118,89,4,5,8,35,132.58,29.5,6.85,39.33,pace,DC
MR Marsh,PP,117,75,5,12,6,31,156.0,23.4,4.17,41.33,spin,KKR
Suryansh Shedge,Death,117,67,8,7,10,29,174.63,14.62,3.94,43.28,spin,KKR
WL Madsen,Death,117,67,3,12,3,13,174.63,39.0,4.47,19.4,pace,MI
RA Jadeja,Middle,116,87,6,6,6,32,133.33,19.33,7.25,36.78,spin,CSK
Ravi Singh,Middle,116,62,2,10,6,17,187.1,58.0,3.88,27.42,spin,
T Stubbs,PP,116,107,2,13,3,56,108.41,58.0,6.69,52.34,pace,CSK
Jay Gohil,Middle,115,90,8,8,3,31,127.78,14.38,8.18,34.44,spin,MI
Kumar Kushagra,Middle,115,88,6,3,8,28,130.68,19.17,8.0,31.82,spin,RR
SU Parakh,Middle,115,79,4,9,5,28,145.57,28.75,5.64,35.44,spin,SRH
Akash Vasisht,Death,115,64,5,13,5,26,179.69,23.0,3.56,40.62,spin,DC
DA Miller,Death,115,68,3,6,7,17,169.12,38.33,5.23,25.0,spin,
Ashutosh Sharma,Middle,114,98,8,7,2,33,116.33,14.25,10.89,33.67,spin,GT
R Ashwin,Death,114,67,6,5,10,21,170.15,19.0,4.47,31.34,spin,PBKS
Abhishek Pathak,PP,114,62,1,14,5,20,183.87,114.0,3.26,32.26,pace,RCB
DA Miller,Middle,113,76,4,9,5,24,148.68,28.25,5.43,31.58,pace,
RR Pant,Middle,112,87,7,8,3,28,128.74,16.0,7.91,32.18,spin,
N Rana,Death,110,53,5,4,9,11,207.55,22.0,4.08,20.75,spin,GT
TH David,Death,110,72,10,8,6,29,152.78,11.0,5.14,40.28,spin,
Tarang Gohel,Death,110,47,6,12,3,8,234.04,18.33,3.13,17.02,spin,DC
JM Bairstow,PP,108,80,3,14,3,32,135.0,36.0,4.71,40.0,spin,
HS Desai,Middle,108,76,5,4,6,29,142.11,21.6,7.6,38.16,spin,SRH
R Parag,PP,108,88,2,9,5,43,122.73,54.0,6.29,48.86,pace,GT
KD Karthik,Middle,107,77,4,7,5,28,138.96,26.75,6.42,36.36,pace,
Arshad Khan,Middle,106,82,5,6,6,34,129.27,21.2,6.83,41.46,spin,CSK
RR Pant,PP,106,82,4,9,6,44,129.27,26.5,5.47,53.66,pace,
AK Markram,Death,106,61,6,11,4,14,173.77,17.67,4.07,22.95,pace,DC
AK Markram,PP,105,81,6,12,5,40,129.63,17.5,4.76,49.38,spin,DC
Hassan Nawaz,Middle,105,89,5,5,3,25,117.98,21.0,11.12,28.09,spin,
WL Madsen,PP,104,78,0,15,1,29,133.33,inf,4.88,37.18,pace,MI
MA Agarwal,Death,104,39,6,12,8,13,266.67,17.33,1.95,33.33,pace,
SV Samson,Death,103,68,5,12,2,20,151.47,20.6,4.86,29.41,pace,GT
TA Boult,Death,103,97,12,10,2,51,106.19,8.58,8.08,52.58,pace,
Ajay Rohera,Middle,102,63,2,8,3,8,161.9,51.0,5.73,12.7,spin,LSG
MK Lomror,Middle,102,67,5,6,6,18,152.24,20.4,5.58,26.87,spin,
R Sai Kishore,Death,102,56,4,10,7,23,182.14,25.5,3.29,41.07,pace,GT
YK Pathan,Death,102,92,7,6,5,44,110.87,14.57,8.36,47.83,pace,
Sikandar Raza,Death,101,67,4,7,6,23,150.75,25.25,5.15,34.33,spin,
LS Livingstone,Death,101,54,4,5,8,10,187.04,25.25,4.15,18.52,pace,PBKS
PWH de Silva,Death,101,53,6,8,6,15,190.57,16.83,3.79,28.3,pace,RCB
RA Tripathi,PP,100,86,6,16,1,47,116.28,16.67,5.06,54.65,pace,
Dhruv Jurel,PP,99,72,3,12,4,34,137.5,33.0,4.5,47.22,spin,CSK
Mohammad Nabi,Death,99,81,13,7,5,36,122.22,7.62,6.75,44.44,spin,
Shahbaz Ahmed,Death,99,71,8,8,7,37,139.44,12.38,4.73,52.11,spin,KKR
Sakibul Gani,Death,98,54,7,8,7,23,181.48,14.0,3.6,42.59,spin,RR
R Powell,PP,97,68,0,8,8,40,142.65,inf,4.25,58.82,pace,
DR Mousley,Death,97,41,3,12,4,7,236.59,32.33,2.56,17.07,pace,LSG
Sikandar Raza,Death,97,55,1,8,6,15,176.36,97.0,3.93,27.27,pace,
DR Mousley,Middle,96,72,1,3,5,19,133.33,96.0,9.0,26.39,spin,LSG
Hassan Nawaz,PP,96,64,2,15,2,30,150.0,48.0,3.76,46.88,pace,
R Parag,PP,95,64,3,10,6,35,148.44,31.67,4.0,54.69,spin,GT
BM Duckett,Death,95,48,5,8,5,9,197.92,19.0,3.69,18.75,pace,SRH
TM Head,Death,95,74,8,5,4,21,128.38,11.88,8.22,28.38,pace,KKR
LG Pretorius,PP,94,74,3,9,4,32,127.03,31.33,5.69,43.24,spin,
Shashank Singh,PP,94,65,1,10,3,21,144.62,94.0,5.0,32.31,spin,PBKS
JM Vince,Middle,94,62,1,5,4,11,151.61,94.0,6.89,17.74,spin,CSK
V Suryavanshi,Death,94,46,5,7,5,8,204.35,18.8,3.83,17.39,spin,PBKS
MS Pepper,Middle,94,69,2,10,1,18,136.23,47.0,6.27,26.09,pace,
TL Seifert,Middle,94,66,0,7,1,9,142.42,inf,8.25,13.64,pace,PBKS
V Nigam,Middle,94,70,3,6,5,25,134.29,31.33,6.36,35.71,pace,GT
Shadab Khan,Death,93,63,10,10,3,28,147.62,9.3,4.85,44.44,spin,
Abhishek Pathak,Death,92,32,1,11,6,5,287.5,92.0,1.88,15.62,spin,RCB
P Simran Singh,Death,92,66,8,5,4,18,139.39,11.5,7.33,27.27,pace,SRH
Tarang Gohel,Death,92,40,6,10,5,10,230.0,15.33,2.67,25.0,pace,DC
PJ Cummins,Death,91,71,7,5,5,26,128.17,13.0,7.1,36.62,pace,SRH
MS Dhoni,Death,90,66,7,7,5,26,136.36,12.86,5.5,39.39,spin,
HS Desai,Middle,90,56,5,8,2,14,160.71,18.0,5.6,25.0,pace,SRH
S Arora,Death,90,40,4,13,3,9,225.0,22.5,2.5,22.5,pace,KKR
GF Linde,Death,89,53,5,8,4,19,167.92,17.8,4.42,35.85,pace,GT
SP Narine,Death,89,41,3,7,4,7,217.07,29.67,3.73,17.07,pace,SRH
Vansh Bedi,PP,88,34,1,10,6,11,258.82,88.0,2.12,32.35,spin,PBKS
RK Bhui,Death,88,64,8,6,4,24,137.5,11.0,6.4,37.5,pace,
HH Pandya,PP,87,60,4,12,3,28,145.0,21.75,4.0,46.67,pace,LSG
Azmatullah Omarzai,Middle,87,57,5,7,3,20,152.63,17.4,5.7,35.09,pace,
MW Short,Middle,86,64,5,4,3,15,134.38,17.2,9.14,23.44,spin,MI
JG Bethell,Middle,86,65,2,6,4,22,132.31,43.0,6.5,33.85,pace,
Ashutosh Sharma,PP,84,59,2,9,4,26,142.37,42.0,4.54,44.07,spin,GT
D Padikkal,Middle,84,68,4,6,4,24,123.53,21.0,6.8,35.29,spin,RR
BJ McMullen,Death,84,42,5,4,7,9,200.0,16.8,3.82,21.43,spin,RCB
Abhishek Pathak,PP,83,48,3,7,6,21,172.92,27.67,3.69,43.75,spin,RCB
DR Mousley,PP,82,58,1,10,3,27,141.38,82.0,4.46,46.55,spin,LSG
DJ Hooda,Middle,82,62,2,3,4,16,132.26,41.0,8.86,25.81,spin,
Akhil Singh Rawat,Death,82,33,1,7,6,7,248.48,82.0,2.54,21.21,pace,KKR
JG Bethell,Death,82,39,4,3,8,8,210.26,20.5,3.55,20.51,pace,
RA Bawa,Death,82,43,4,8,5,15,190.7,20.5,3.31,34.88,pace,SRH
MJ Owen,Death,81,37,4,9,5,11,218.92,20.25,2.64,29.73,spin,MI
D Padikkal,PP,80,58,1,8,3,24,137.93,80.0,5.27,41.38,spin,RR
DS Airee,Middle,80,71,4,8,1,28,112.68,20.0,7.89,39.44,spin,DC
RA Tripathi,Middle,80,54,2,8,2,16,148.15,40.0,5.4,29.63,spin,
Ashutosh Sharma,PP,80,49,2,8,4,22,163.27,40.0,4.08,44.9,pace,GT
Harpreet Brar,Death,79,58,5,9,4,28,136.21,15.8,4.46,48.28,spin,
SP Narine,Death,79,39,5,6,6,14,202.56,15.8,3.25,35.9,spin,SRH
DA Warner,PP,79,59,3,8,3,26,133.9,26.33,5.36,44.07,pace,
KK Nair,PP,79,54,3,10,2,23,146.3,26.33,4.5,42.59,pace,CSK
JDS Neesham,Middle,79,64,0,8,2,28,123.44,inf,6.4,43.75,pace,
BA Stokes,PP,78,47,3,11,1,15,165.96,26.0,3.92,31.91,spin,
Washington Sundar,Middle,78,101,6,5,3,56,77.23,13.0,12.62,55.45,spin,RCB
DA Miller,Middle,77,64,3,5,2,20,120.31,25.67,9.14,31.25,spin,
JN Loftie-Eaton,Death,76,50,2,5,5,23,152.0,38.0,5.0,46.0,spin,
Ajay Rohera,Middle,76,44,2,5,3,2,172.73,38.0,5.5,4.55,pace,LSG
JM Bairstow,Middle,76,55,4,8,1,14,138.18,19.0,6.11,25.45,pace,
RR Rossouw,PP,75,55,4,9,3,30,136.36,18.75,4.58,54.55,spin,
Rishabh Chouhan,Death,75,35,0,6,3,6,214.29,inf,3.89,17.14,spin,GT
RR Pant,Death,75,51,5,5,2,14,147.06,15.0,7.29,27.45,pace,
MK Pandey,Middle,74,41,0,4,6,16,180.49,inf,4.1,39.02,spin,
SR Dickson,Middle,74,47,3,3,6,16,157.45,24.67,5.22,34.04,spin,
RR Pant,Death,74,42,3,4,5,11,176.19,24.67,4.67,26.19,spin,
Harpreet Brar,Death,74,57,3,7,3,28,129.82,24.67,5.7,49.12,pace,
Ajay Rohera,PP,73,45,4,10,3,21,162.22,18.25,3.46,46.67,spin,LSG
Babar Azam,PP,73,69,3,12,1,43,105.8,24.33,5.31,62.32,pace,
Rohan Kunnummal,Middle,73,40,2,2,5,6,182.5,36.5,5.71,15.0,pace,MI
Ramandeep Singh,Death,72,46,6,1,7,16,156.52,12.0,5.75,34.78,spin,RCB
Kumar Kushagra,Middle,72,52,0,4,3,16,138.46,inf,7.43,30.77,pace,RR
TP Ura,Middle,72,46,3,2,3,10,156.52,24.0,9.2,21.74,pace,PBKS
M Jansen,Death,72,38,3,4,6,13,189.47,24.0,3.8,34.21,pace,
DS Airee,Death,71,39,7,7,5,17,182.05,10.14,3.25,43.59,spin,DC
JG Bethell,Death,71,52,7,1,5,21,136.54,10.14,8.67,40.38,spin,
RA Jadeja,Middle,71,62,2,2,4,27,114.52,35.5,10.33,43.55,pace,CSK
Sanvir Singh,Death,71,46,5,7,3,15,154.35,14.2,4.6,32.61,pace,
Ishaan Gadekar,PP,70,71,2,11,0,44,98.59,35.0,6.45,61.97,spin,
JM Vince,PP,70,58,3,10,2,32,120.69,23.33,4.83,55.17,spin,CSK
Rohan Kunnummal,PP,70,55,3,9,1,30,127.27,23.33,5.5,54.55,spin,MI
Shakib Al Hasan,Death,70,67,4,4,4,37,104.48,17.5,8.38,55.22,spin,
SO Hetmyer,Middle,70,54,3,3,3,13,129.63,23.33,9.0,24.07,pace,
CH Morris,Death,70,40,4,4,5,11,175.0,17.5,4.44,27.5,pace,
Shashwat Rawat,PP,69,46,0,8,2,17,150.0,inf,4.6,36.96,spin,
Mohammad Nabi,Middle,69,52,1,6,3,21,132.69,69.0,5.78,40.38,spin,
Azmatullah Omarzai,Death,69,43,1,5,3,9,160.47,69.0,5.38,20.93,spin,
RR Rossouw,PP,69,66,4,7,2,38,104.55,17.25,7.33,57.58,pace,
RA Tripathi,Middle,69,52,3,4,3,20,132.69,23.0,7.43,38.46,pace,
J Overton,Death,69,42,4,5,5,19,164.29,17.25,4.2,45.24,pace,RR
Akhil Singh Rawat,Death,68,26,3,7,5,9,261.54,22.67,2.17,34.62,spin,KKR
D Wiese,Death,68,39,6,6,5,18,174.36,11.33,3.55,46.15,spin,KKR
TA Boult,Death,68,32,1,4,6,7,212.5,68.0,3.2,21.88,spin,
Harpreet Brar,Middle,67,51,3,4,3,19,131.37,22.33,7.29,37.25,spin,
PD Salt,Death,67,46,5,3,4,12,145.65,13.4,6.57,26.09,spin,PBKS
Sonu Yadav,Middle,67,40,1,1,7,16,167.5,67.0,5.0,40.0,pace,CSK
Tushar Raheja,Middle,67,40,5,6,2,13,167.5,13.4,5.0,32.5,pace,KKR
GD Phillips,PP,66,32,1,10,3,13,206.25,66.0,2.46,40.62,spin,RR
Parth Chandan,Middle,66,39,0,4,3,9,169.23,inf,5.57,23.08,spin,DC
Rohan Kunnummal,Middle,66,43,1,3,3,7,153.49,66.0,7.17,16.28,spin,MI
T Banton,Death,66,34,3,6,3,8,194.12,22.0,3.78,23.53,spin,
Sakibul Gani,Middle,66,38,1,3,3,10,173.68,66.0,6.33,26.32,pace,RR
KK Nair,PP,65,34,2,9,2,10,191.18,32.5,3.09,29.41,spin,CSK
YK Pathan,Middle,65,59,4,4,3,25,110.17,16.25,8.43,42.37,spin,
Karan Lal,Death,65,63,8,1,4,30,103.17,8.12,12.6,47.62,spin,RR
A Badoni,PP,65,54,4,11,0,30,120.37,16.25,4.91,55.56,pace,SRH
Hassan Nawaz,Death,65,23,2,3,7,3,282.61,32.5,2.3,13.04,pace,
MK Lomror,Death,65,35,4,7,3,11,185.71,16.25,3.5,31.43,pace,
C Connolly,Middle,64,51,1,5,1,13,125.49,64.0,8.5,25.49,spin,GT
KD Karthik,Death,64,49,5,5,4,24,130.61,12.8,5.44,48.98,spin,
KH Pandya,Death,64,54,9,8,1,28,118.52,7.11,6.0,51.85,spin,SRH
Babar Azam,Middle,64,55,3,3,2,16,116.36,21.33,11.0,29.09,pace,
JDS Neesham,Death,64,43,7,7,2,13,148.84,9.14,4.78,30.23,pace,
MA Starc,Death,64,92,19,7,2,65,69.57,3.37,10.22,70.65,pace,MI
DJ Hooda,PP,63,45,3,6,3,20,140.0,21.0,5.0,44.44,spin,
MP Stoinis,Death,63,43,8,3,4,18,146.51,7.88,6.14,41.86,spin,
MR Marsh,Death,63,46,4,6,2,15,136.96,15.75,5.75,32.61,spin,KKR
RA Bawa,Death,63,31,6,4,5,13,203.23,10.5,3.44,41.94,spin,SRH
Ishaan Gadekar,Middle,63,32,3,3,4,10,196.88,21.0,4.57,31.25,pace,
JJ Smit,Middle,63,53,4,4,3,21,118.87,15.75,7.57,39.62,pace,PBKS
MK Lomror,Middle,63,47,1,4,2,14,134.04,63.0,7.83,29.79,pace,
RK Bhui,Middle,63,53,2,3,2,13,118.87,31.5,10.6,24.53,pace,
YK Pathan,Middle,63,72,4,3,2,32,87.5,15.75,14.4,44.44,pace,
RD Rickelton,Death,63,41,3,4,3,8,153.66,21.0,5.86,19.51,pace,RR
KA Pollard,PP,62,43,1,10,1,19,144.19,62.0,3.91,44.19,spin,RR
SO Hetmyer,Middle,62,56,3,1,5,25,110.71,20.67,9.33,44.64,spin,
DP Conway,Death,62,42,7,2,4,10,147.62,8.86,7.0,23.81,spin,
KH Pandya,Death,62,46,3,8,1,21,134.78,20.67,5.11,45.65,pace,SRH
JM Bairstow,Middle,61,42,2,6,2,12,145.24,30.5,5.25,28.57,spin,
T Dahiya,Middle,61,41,3,4,3,17,148.78,20.33,5.86,41.46,spin,LSG
MS Pepper,PP,61,41,0,6,4,22,148.78,inf,4.1,53.66,pace,
B Kumar,Death,61,123,15,4,4,96,49.59,4.07,15.38,78.05,pace,KKR
DJ Bravo,Death,61,42,3,4,4,21,145.24,20.33,5.25,50.0,pace,
RA Tripathi,PP,60,55,3,5,2,26,109.09,20.0,7.86,47.27,spin,
JR Hazlewood,Death,60,71,11,7,1,47,84.51,5.45,8.88,66.2,pace,MI
S Arora,PP,59,33,4,6,2,11,178.79,14.75,4.12,33.33,spin,KKR
Azmatullah Omarzai,Middle,59,40,1,3,3,13,147.5,59.0,6.67,32.5,spin,
Utkarsh Singh,Middle,59,67,5,5,2,38,88.06,11.8,9.57,56.72,spin,RR
BM Duckett,Death,59,34,3,5,3,11,173.53,19.67,4.25,32.35,spin,SRH
LG Pretorius,PP,59,39,2,8,1,12,151.28,29.5,4.33,30.77,pace,
DAJ Bracewell,Middle,59,36,5,6,2,12,163.89,11.8,4.5,33.33,pace,
Sakibul Gani,Middle,58,38,2,3,2,10,152.63,29.0,7.6,26.32,spin,RR
AB de Villiers,PP,58,47,4,7,2,25,123.4,14.5,5.22,53.19,pace,
VR Iyer,PP,58,38,3,9,2,19,152.63,19.33,3.45,50.0,pace,SRH
JL Smith,Middle,57,39,1,2,4,10,146.15,57.0,6.5,25.64,spin,
Anmolpreet Singh,PP,57,47,2,8,1,27,121.28,28.5,5.22,57.45,pace,KKR
Harpreet Brar,Middle,57,48,3,7,2,27,118.75,19.0,5.33,56.25,pace,
Ritik Vats,Death,57,22,1,4,5,4,259.09,57.0,2.44,18.18,pace,DC
AA Kulkarni,PP,56,36,3,10,0,18,155.56,18.67,3.6,50.0,pace,SRH
HC Brook,PP,56,46,2,8,1,23,121.74,28.0,5.11,50.0,pace,GT
Nithish Kumar Reddy,PP,56,50,1,5,1,22,112.0,56.0,8.33,44.0,pace,GT
Yuvraj Chaudhary,Middle,56,37,1,5,2,11,151.35,56.0,5.29,29.73,pace,
Azmatullah Omarzai,Death,56,36,4,4,3,15,155.56,14.0,5.14,41.67,pace,
HJ Manenti,Death,56,54,6,6,2,33,103.7,9.33,6.75,61.11,pace,RCB
Rahul Singh,Death,56,36,3,4,3,10,155.56,18.67,5.14,27.78,pace,
RR Pant,PP,55,39,4,6,2,15,141.03,13.75,4.88,38.46,spin,
MG Erasmus,Middle,55,50,4,6,1,26,110.0,13.75,7.14,52.0,spin,
HV Patel,Death,55,47,7,2,3,18,117.02,7.86,9.4,38.3,spin,PBKS
MK Lomror,Death,55,38,2,8,1,15,144.74,27.5,4.22,39.47,spin,
Salman Nizar,Death,55,33,3,7,1,9,166.67,18.33,4.12,27.27,spin,
DR Mousley,PP,55,43,2,6,1,19,127.91,27.5,6.14,44.19,pace,LSG
Ritik Vats,PP,55,22,2,2,5,5,250.0,27.5,3.14,22.73,pace,DC
TH David,PP,55,33,2,3,5,16,166.67,27.5,4.12,48.48,pace,
T Banton,Middle,55,31,1,4,4,14,177.42,55.0,3.88,45.16,pace,
Rajvardhan S Hangargekar,Death,55,23,3,9,1,5,239.13,18.33,2.3,21.74,pace,
Shahbaz Ahmed,Death,55,42,5,5,2,18,130.95,11.0,6.0,42.86,pace,KKR
Virat Singh,PP,54,43,3,5,4,27,125.58,18.0,4.78,62.79,spin,
PP Shaw,Death,54,35,3,5,2,7,154.29,18.0,5.0,20.0,spin,
Abdul Samad,PP,54,36,1,9,1,19,150.0,54.0,3.6,52.78,pace,KKR
AR Ramjani,Death,54,48,6,6,2,24,112.5,9.0,6.0,50.0,pace,PBKS
Utkarsh Singh,Death,54,35,1,4,3,11,154.29,54.0,5.0,31.43,pace,RR
MS Pepper,PP,53,40,3,7,2,22,132.5,17.67,4.44,55.0,spin,
Arshad Khan,Middle,53,28,0,0,5,9,189.29,inf,5.6,32.14,pace,CSK
Karan Shinde,Middle,53,43,1,3,2,18,123.26,53.0,8.6,41.86,pace,SRH
D Forrester,Death,53,22,2,2,5,6,240.91,26.5,3.14,27.27,pace,MI
D Padikkal,Death,53,31,4,6,2,13,170.97,13.25,3.88,41.94,pace,RR
DS Airee,Death,53,24,3,5,4,8,220.83,17.67,2.67,33.33,pace,DC
Karan Lal,Death,53,43,3,5,1,20,123.26,17.67,7.17,46.51,pace,RR
HS Desai,PP,52,39,1,7,1,18,133.33,52.0,4.88,46.15,spin,SRH
Mohammad Ghazanfar,Death,52,58,10,2,3,35,89.66,5.2,11.6,60.34,spin,RR
A Raghuvanshi,PP,52,32,5,5,4,19,162.5,10.4,3.56,59.38,pace,
KD Karthik,PP,52,30,1,4,3,9,173.33,52.0,4.29,30.0,pace,
A Badoni,Middle,52,51,7,2,3,27,101.96,7.43,10.2,52.94,pace,SRH
SM Curran,Middle,52,44,7,6,1,21,118.18,7.43,6.29,47.73,pace,RR
Parth Chandan,Death,52,22,1,2,5,6,236.36,52.0,3.14,27.27,pace,DC
Karan Shinde,Middle,51,35,3,3,2,13,145.71,17.0,7.0,37.14,spin,SRH
Tushar Raheja,Middle,51,45,4,2,1,10,113.33,12.75,15.0,22.22,spin,KKR
AR Ramjani,Death,51,61,5,3,0,33,83.61,10.2,20.33,54.1,spin,PBKS
JM Sharma,PP,51,35,2,5,3,18,145.71,25.5,4.38,51.43,pace,RCB
R Ashwin,Middle,51,38,2,1,4,18,134.21,25.5,7.6,47.37,pace,PBKS
Akash Vasisht,Middle,50,48,1,3,1,22,104.17,50.0,12.0,45.83,spin,DC
MS Pepper,Middle,50,34,4,1,4,11,147.06,12.5,6.8,32.35,spin,
Kuldeep Yadav,Death,50,96,17,3,2,69,52.08,2.94,19.2,71.88,spin,LSG
M Siddharth,Death,50,31,6,4,3,15,161.29,8.33,4.43,48.39,spin,GT
Abhishek Tanwar,Middle,50,24,1,7,1,5,208.33,50.0,3.0,20.83,pace,RCB
HV Patel,Middle,50,46,4,3,3,24,108.7,12.5,7.67,52.17,pace,PBKS
MA Agarwal,Middle,50,42,1,1,2,15,119.05,50.0,14.0,35.71,pace,
Tanush Kotian,Middle,50,33,2,4,1,6,151.52,25.0,6.6,18.18,pace,CSK
SB Dubey,Death,50,37,4,6,1,15,135.14,12.5,5.29,40.54,pace,
Shaheen Shah Afridi,Death,50,58,6,2,4,35,86.21,8.33,9.67,60.34,pace,DC
Siddhesh Veer,Death,50,16,0,2,5,2,312.5,inf,2.29,12.5,pace,MI
KD Karthik,Middle,49,53,4,2,1,22,92.45,12.25,17.67,41.51,spin,
Ashutosh Sharma,Death,49,35,5,3,3,17,140.0,9.8,5.83,48.57,spin,GT
RR Rossouw,Death,49,29,4,3,3,5,168.97,12.25,4.83,17.24,spin,
Rashid Khan,Middle,49,39,3,1,3,16,125.64,16.33,9.75,41.03,pace,RCB
A Mhatre,PP,48,42,3,6,2,24,114.29,16.0,5.25,57.14,spin,
JM Sharma,PP,48,30,2,3,3,11,160.0,24.0,5.0,36.67,spin,RCB
Bhanu Pania,Death,48,30,2,3,3,13,160.0,24.0,5.0,43.33,spin,
Bilal Zalmai,Death,48,18,0,4,3,2,266.67,inf,2.57,11.11,spin,
Priyansh Arya,Death,48,25,5,4,2,7,192.0,9.6,4.17,28.0,spin,RCB
Sanvir Singh,Death,48,23,3,5,3,8,208.7,16.0,2.88,34.78,spin,
SU Parakh,Middle,48,36,5,2,3,13,133.33,9.6,7.2,36.11,pace,SRH
Shahbaz Ahmed,Middle,48,41,3,4,2,18,117.07,16.0,6.83,43.9,pace,KKR
Abhishek Tanwar,Death,48,26,4,6,2,8,184.62,12.0,3.25,30.77,pace,RCB
Akash Vasisht,PP,47,31,3,5,3,18,151.61,15.67,3.88,58.06,spin,DC
Gaurav Puri,Middle,47,42,1,2,1,17,111.9,47.0,14.0,40.48,spin,
T Banton,Middle,47,33,2,5,1,9,142.42,23.5,5.5,27.27,spin,
Vansh Bedi,Death,47,28,3,6,1,7,167.86,15.67,4.0,25.0,spin,PBKS
Shashwat Rawat,PP,47,27,1,9,0,14,174.07,47.0,3.0,51.85,pace,
Bilal Zalmai,Death,47,25,2,7,1,5,188.0,23.5,3.12,20.0,pace,
MS Pepper,Death,47,31,1,2,1,6,151.61,47.0,10.33,19.35,pace,
Shakib Al Hasan,Middle,46,48,4,2,2,24,95.83,11.5,12.0,50.0,spin,
AJ Hosein,Death,46,21,1,2,5,7,219.05,46.0,3.0,33.33,spin,
Arshdeep Singh,Death,46,47,3,2,2,27,97.87,15.33,11.75,57.45,spin,LSG
D Brevis,PP,46,40,0,7,0,20,115.0,inf,5.71,50.0,pace,GT
JM Vince,PP,46,36,2,4,2,16,127.78,23.0,6.0,44.44,pace,CSK
Ravi Singh,Middle,46,30,3,3,3,16,153.33,15.33,5.0,53.33,pace,
SM Curran,Death,46,37,3,3,2,14,124.32,15.33,7.4,37.84,pace,RR
C Connolly,PP,45,27,1,10,0,13,166.67,45.0,2.7,48.15,spin,GT
HC Brook,Middle,45,37,3,3,2,16,121.62,15.0,7.4,43.24,spin,GT
KH Pandya,Middle,45,45,3,1,3,23,100.0,15.0,11.25,51.11,spin,SRH
M Shahrukh Khan,Middle,45,50,8,2,2,25,90.0,5.62,12.5,50.0,spin,
Sonu Yadav,Middle,45,34,2,3,2,11,132.35,22.5,6.8,32.35,spin,CSK
CH Gayle,Death,45,40,6,3,1,14,112.5,7.5,10.0,35.0,spin,RCB
DS Rathi,Death,45,40,7,4,2,23,112.5,6.43,6.67,57.5,spin,LSG
KA Maharaj,Death,45,37,2,5,2,22,121.62,22.5,5.29,59.46,spin,RCB
Adarsh Singh,Death,45,29,3,3,3,10,155.17,15.0,4.83,34.48,pace,DC
JC Archer,Death,45,72,12,2,2,54,62.5,3.75,18.0,75.0,pace,DC
Jagjit Singh,Death,45,35,3,5,0,14,128.57,15.0,7.0,40.0,pace,
Sonu Yadav,Death,45,34,7,4,3,21,132.35,6.43,4.86,61.76,pace,CSK
GF Linde,Middle,44,52,2,3,1,29,84.62,22.0,13.0,55.77,spin,GT
DA Miller,Death,44,30,2,3,2,10,146.67,22.0,6.0,33.33,pace,
Ankit Kumar,Middle,43,26,3,4,0,5,165.38,14.33,6.5,19.23,spin,
MA Agarwal,Middle,43,36,2,3,1,13,119.44,21.5,9.0,36.11,spin,
D Padikkal,Death,43,26,0,4,1,6,165.38,inf,5.2,23.08,spin,RR
RE van der Merwe,Death,43,26,3,5,2,11,165.38,14.33,3.71,42.31,spin,CSK
Shubhang Hegde,Death,43,19,2,4,3,8,226.32,21.5,2.71,42.11,spin,LSG
MK Pandey,PP,43,53,2,4,1,36,81.13,21.5,10.6,67.92,pace,
Hemang Patel,Death,43,29,3,3,3,14,148.28,14.33,4.83,48.28,pace,
AR Patel,PP,42,34,0,5,2,17,123.53,inf,4.86,50.0,spin,PBKS
D Brevis,PP,42,42,2,6,0,20,100.0,21.0,7.0,47.62,spin,GT
MS Dhoni,Middle,42,56,1,2,1,30,75.0,42.0,18.67,53.57,spin,
Ritik Vats,Death,42,22,2,5,3,10,190.91,21.0,2.75,45.45,spin,DC
AHT Donald,PP,42,25,4,3,3,11,168.0,10.5,4.17,44.0,pace,
Chirag Jani,PP,42,21,1,8,0,7,200.0,42.0,2.62,33.33,pace,RCB
HS Desai,PP,42,35,1,2,2,13,120.0,42.0,8.75,37.14,pace,SRH
Bilal Zalmai,Middle,42,31,0,2,1,6,135.48,inf,10.33,19.35,pace,
TP Ura,PP,41,30,5,4,2,15,136.67,8.2,5.0,50.0,spin,PBKS
DJ Hooda,Death,41,28,1,3,1,9,146.43,41.0,7.0,32.14,pace,
DP Conway,Death,41,33,2,4,0,11,124.24,20.5,8.25,33.33,pace,
Rasikh Salam,Death,41,32,4,4,3,21,128.12,10.25,4.57,65.62,pace,SRH
SH Johnson,Death,41,31,4,1,2,15,132.26,10.25,10.33,48.39,pace,KKR
Shubhang Hegde,Death,41,13,2,5,3,3,315.38,20.5,1.62,23.08,pace,LSG
PHKD Mendis,PP,40,46,1,6,0,26,86.96,40.0,7.67,56.52,spin,PBKS
HC Brook,Death,40,19,1,4,2,5,210.53,40.0,3.17,26.32,pace,GT
M Prasidh Krishna,Death,40,39,6,3,1,16,102.56,6.67,9.75,41.03,pace,KKR
R Ashwin,Death,40,48,6,1,1,21,83.33,6.67,24.0,43.75,pace,PBKS
AJ Turner,Middle,39,38,1,2,0,15,102.63,39.0,19.0,39.47,spin,
JJ Smit,Middle,39,29,0,3,0,7,134.48,inf,9.67,24.14,spin,PBKS
DR Mousley,Death,39,17,1,2,4,6,229.41,39.0,2.83,35.29,spin,LSG
M Markande,Death,39,48,7,3,2,33,81.25,5.57,9.6,68.75,spin,SRH
Rohan Kunnummal,Death,39,15,0,5,2,3,260.0,inf,2.14,20.0,spin,MI
A Mhatre,PP,39,32,4,5,1,16,121.88,9.75,5.33,50.0,pace,
Akshat Raghuwanshi,PP,39,23,2,6,2,12,169.57,19.5,2.88,52.17,pace,MI
PHKD Mendis,PP,39,28,0,2,3,16,139.29,inf,5.6,57.14,pace,PBKS
SM Curran,PP,39,31,0,7,0,16,125.81,inf,4.43,51.61,pace,RR
SO Hetmyer,Death,39,28,3,3,2,10,139.29,13.0,5.6,35.71,pace,
Sameer Rizvi,PP,38,20,0,6,0,4,190.0,inf,3.33,20.0,spin,LSG
Jaskaran Singh,Death,38,29,3,2,3,15,131.03,12.67,5.8,51.72,pace,
Kumar Kushagra,Death,38,15,2,3,3,3,253.33,19.0,2.5,20.0,pace,RR
RA Tripathi,Death,38,20,0,5,1,3,190.0,inf,3.33,15.0,pace,
Yudhvir Singh,Death,38,25,2,4,1,9,152.0,19.0,5.0,36.0,pace,RR
Abdul Samad,PP,37,32,2,5,0,16,115.62,18.5,6.4,50.0,spin,KKR
T Stubbs,PP,37,39,1,2,2,22,94.87,37.0,9.75,56.41,spin,CSK
Hassan Nawaz,Death,37,20,2,2,3,6,185.0,18.5,4.0,30.0,spin,
AGS Gous,PP,37,23,1,8,0,11,160.87,37.0,2.88,47.83,pace,LSG
R Tewatia,Middle,37,28,4,7,0,13,132.14,9.25,4.0,46.43,pace,
AA Kulkarni,Death,37,13,1,3,2,2,284.62,37.0,2.6,15.38,pace,SRH
DW Lawrence,Death,37,15,2,4,2,2,246.67,18.5,2.5,13.33,pace,
Gaurav Puri,Death,37,17,3,3,2,3,217.65,12.33,3.4,17.65,pace,
Harshit Rana,Death,37,63,9,0,2,43,58.73,4.11,31.5,68.25,pace,
Ravi Singh,Death,37,27,3,4,1,11,137.04,12.33,5.4,40.74,pace,
Salman Nizar,Death,37,25,1,3,2,8,148.0,37.0,5.0,32.0,pace,
VG Arora,Death,37,31,4,2,2,18,119.35,9.25,7.75,58.06,pace,
LG Pretorius,Middle,36,25,2,5,0,7,144.0,18.0,5.0,28.0,spin,
Shadab Khan,Middle,36,20,2,4,2,6,180.0,18.0,3.33,30.0,spin,
CV Varun,Death,36,52,7,3,0,31,69.23,5.14,17.33,59.62,spin,PBKS
MG Bracewell,Death,36,23,2,1,3,8,156.52,18.0,5.75,34.78,spin,
R Powell,Death,36,34,4,2,2,19,105.88,9.0,8.5,55.88,spin,
R Sai Kishore,Death,36,39,6,3,2,24,92.31,6.0,7.8,61.54,spin,GT
R Ashwin,Middle,35,39,1,1,1,19,89.74,35.0,19.5,48.72,spin,PBKS
Salman Nizar,Middle,35,32,1,0,2,9,109.38,35.0,16.0,28.12,spin,
Khrievitso Kense,Death,35,30,2,1,1,12,116.67,17.5,15.0,40.0,spin,
Rituraj Sharma,Death,35,17,2,1,4,8,205.88,17.5,3.4,47.06,spin,
V Puthur,Death,35,31,4,4,1,19,112.9,8.75,6.2,61.29,spin,RCB
SPD Smith,PP,35,36,1,4,0,18,97.22,35.0,9.0,50.0,pace,
Ritik Vats,Middle,35,35,3,0,2,14,100.0,11.67,17.5,40.0,pace,DC
Mohammed Shami,Death,35,37,5,2,1,21,94.59,7.0,12.33,56.76,pace,MI
RE van der Merwe,Death,35,23,4,1,4,12,152.17,8.75,4.6,52.17,pace,CSK
SPD Smith,PP,34,38,4,4,0,22,89.47,8.5,9.5,57.89,spin,
AHT Donald,Middle,34,22,2,3,1,8,154.55,17.0,5.5,36.36,spin,
Gaurav Puri,Death,34,19,5,2,3,9,178.95,6.8,3.8,47.37,spin,
Siddhesh Veer,Death,34,22,2,2,2,7,154.55,17.0,5.5,31.82,spin,MI
RK Singh,PP,34,35,3,4,1,20,97.14,11.33,7.0,57.14,pace,PBKS
D Ferreira,Middle,34,30,4,2,0,12,113.33,8.5,15.0,40.0,pace,
Suryansh Shedge,Middle,34,44,4,1,0,20,77.27,8.5,44.0,45.45,pace,KKR
TU Deshpande,Middle,34,26,2,0,4,15,130.77,17.0,6.5,57.69,pace,
A Manohar,Death,34,24,2,1,1,7,141.67,17.0,12.0,29.17,pace,RCB
MG Bracewell,Death,34,15,2,3,2,3,226.67,17.0,3.0,20.0,pace,
Rishabh Chouhan,Death,34,15,1,5,1,3,226.67,34.0,2.5,20.0,pace,GT
Sumit Kumar,Death,34,30,2,2,2,13,113.33,17.0,7.5,43.33,pace,
AHT Donald,PP,33,20,3,5,1,8,165.0,11.0,3.33,40.0,spin,
LUVNITH SISODIA,PP,33,19,0,2,2,7,173.68,inf,4.75,36.84,spin,
HV Patel,Middle,33,23,1,3,2,10,143.48,33.0,4.6,43.48,spin,PBKS
Shahbaz Ahmed,Middle,33,39,5,3,1,25,84.62,6.6,9.75,64.1,spin,KKR
AJ Turner,Death,33,22,1,3,0,5,150.0,33.0,7.33,22.73,spin,
Swapnil Singh,Death,33,31,5,2,2,16,106.45,6.6,7.75,51.61,spin,
GD Phillips,PP,33,24,0,5,0,13,137.5,inf,4.8,54.17,pace,RR
D Wiese,Middle,33,37,7,2,1,17,89.19,4.71,12.33,45.95,pace,KKR
DA Warner,Middle,33,31,2,2,1,13,106.45,16.5,10.33,41.94,pace,
Naveen-ul-Haq,Death,33,27,2,4,1,15,122.22,16.5,5.4,55.56,pace,
Q de Kock,Death,33,17,2,3,1,3,194.12,16.5,4.25,17.65,pace,
Babar Azam,Middle,32,30,2,2,1,11,106.67,16.0,10.0,36.67,spin,
SR Hain,Middle,32,17,1,4,1,4,188.24,32.0,3.4,23.53,spin,
TB Robinson,Middle,32,24,1,1,2,9,133.33,32.0,8.0,37.5,spin,
D Forrester,Death,32,13,2,4,2,4,246.15,16.0,2.17,30.77,spin,MI
Faisal Khan,Death,32,19,2,3,1,4,168.42,16.0,4.75,21.05,spin,
J Overton,Death,32,25,1,1,3,12,128.0,32.0,6.25,48.0,spin,RR
RD Chahar,Death,32,33,3,2,0,14,96.97,10.67,16.5,42.42,spin,
JE Root,PP,32,25,1,1,3,13,128.0,32.0,6.25,52.0,pace,SRH
CH Morris,Middle,32,19,1,4,1,7,168.42,32.0,3.8,36.84,pace,
SB Dubey,Middle,32,21,0,4,0,5,152.38,inf,5.25,23.81,pace,
AS Roy,Death,32,21,1,3,0,8,152.38,32.0,7.0,38.1,pace,
JJ Bumrah,Death,32,38,14,1,3,26,84.21,2.29,9.5,68.42,pace,DC
M Theekshana,Death,32,26,2,3,2,14,123.08,16.0,5.2,53.85,pace,
Shadab Khan,Death,32,24,0,4,0,8,133.33,inf,6.0,33.33,pace,
T Banton,Death,32,27,4,6,0,16,118.52,8.0,4.5,59.26,pace,
A Badoni,Middle,31,36,1,1,2,19,86.11,31.0,12.0,52.78,spin,SRH
Atharva Taide,Death,31,18,2,3,1,5,172.22,15.5,4.5,27.78,spin,RCB
K Kartikeya,Death,31,17,3,3,1,6,182.35,10.33,4.25,35.29,spin,MI
MK Pandey,Death,31,23,3,3,1,10,134.78,10.33,5.75,43.48,spin,
YS Chahal,Death,31,34,5,2,2,21,91.18,6.2,8.5,61.76,spin,KKR
MA Starc,Middle,31,18,0,3,2,8,172.22,inf,3.6,44.44,pace,MI
PJ Cummins,Middle,31,28,3,3,1,14,110.71,10.33,7.0,50.0,pace,SRH
Fazalhaq Farooqi,Death,31,31,5,2,0,14,100.0,6.2,15.5,45.16,pace,GT
SL Malinga,Death,31,26,1,1,3,16,119.23,31.0,6.5,61.54,pace,
T Natarajan,Death,31,28,7,3,2,18,110.71,4.43,5.6,64.29,pace,RR
Ankit Kumar,PP,30,22,2,5,1,15,136.36,15.0,3.67,68.18,spin,
JM Coles,Middle,30,48,5,0,0,27,62.5,6.0,inf,56.25,spin,
Karan Lal,Middle,30,38,2,0,1,18,78.95,15.0,38.0,47.37,spin,RR
Samant Jakhar,Middle,30,27,1,2,1,11,111.11,30.0,9.0,40.74,spin,
DJ Hooda,Death,30,17,3,4,1,4,176.47,10.0,3.4,23.53,spin,
FH Allen,Death,30,18,0,0,2,5,166.67,inf,9.0,27.78,spin,SRH
Washington Sundar,PP,30,20,0,4,2,12,150.0,inf,3.33,60.0,pace,RCB
AHT Donald,Middle,30,15,0,3,1,3,200.0,inf,3.75,20.0,pace,
Jagjit Singh,Middle,30,33,1,3,1,20,90.91,30.0,8.25,60.61,pace,
KH Pandya,Middle,30,21,1,3,1,7,142.86,30.0,5.25,33.33,pace,SRH
SR Hain,Middle,30,29,2,1,1,11,103.45,15.0,14.5,37.93,pace,
AM Hardie,Death,30,18,0,0,2,4,166.67,inf,9.0,22.22,pace,CSK
Yuvraj Chaudhary,PP,29,15,2,3,2,6,193.33,14.5,3.0,40.0,spin,
Rashid Khan,Middle,29,31,2,3,0,15,93.55,14.5,10.33,48.39,spin,RCB
Suryansh Shedge,Middle,29,33,2,2,1,17,87.88,14.5,11.0,51.52,spin,KKR
Avesh Khan,Death,29,23,3,2,1,10,126.09,9.67,7.67,43.48,spin,LSG
JR Hazlewood,Death,29,28,2,1,1,13,103.57,14.5,14.0,46.43,spin,MI
MA Starc,Death,29,30,3,4,0,17,96.67,9.67,7.5,56.67,spin,MI
Vishnu Vinod,Death,29,17,2,2,2,7,170.59,14.5,4.25,41.18,spin,GT
Bhanu Pania,Middle,29,22,1,2,1,8,131.82,29.0,7.33,36.36,pace,
LG Pretorius,Middle,29,23,2,0,2,7,126.09,14.5,11.5,30.43,pace,
SPD Smith,Middle,29,17,1,1,2,3,170.59,29.0,5.67,17.65,pace,
Waseem Muhammad,Middle,29,19,3,3,1,6,152.63,9.67,4.75,31.58,pace,
Ajay Rohera,Death,29,13,1,2,2,3,223.08,29.0,3.25,23.08,pace,LSG
Atharva Taide,Death,29,19,0,3,0,3,152.63,inf,6.33,15.79,pace,RCB
G Coetzee,Death,29,26,0,2,0,7,111.54,inf,13.0,26.92,pace,
Shakib Al Hasan,Death,29,20,1,3,0,4,145.0,29.0,6.67,20.0,pace,
YS Chahal,Death,29,33,5,1,2,22,87.88,5.8,11.0,66.67,pace,KKR
Yuvraj Chaudhary,Death,29,20,3,3,1,8,145.0,9.67,5.0,40.0,pace,
A Badoni,PP,28,20,2,1,2,12,140.0,14.0,6.67,60.0,spin,SRH
Ritik Vats,PP,28,16,0,4,0,6,175.0,inf,4.0,37.5,spin,DC
CH Morris,Middle,28,23,2,3,1,10,121.74,14.0,5.75,43.48,spin,
YS Chahal,Middle,28,19,3,1,2,8,147.37,9.33,6.33,42.11,spin,KKR
J Fraser-McGurk,Death,28,14,1,2,2,2,200.0,28.0,3.5,14.29,spin,DC
JM Coles,Death,28,21,3,3,1,8,133.33,9.33,5.25,38.1,spin,
Naveen-ul-Haq,Death,28,18,1,3,2,10,155.56,28.0,3.6,55.56,spin,
Parth Chandan,Death,28,26,2,1,2,13,107.69,14.0,8.67,50.0,spin,DC
SZ Mulani,Death,28,35,5,2,1,20,80.0,5.6,11.67,57.14,spin,
AM Hardie,PP,28,23,1,3,2,15,121.74,28.0,4.6,65.22,pace,CSK
JJ Bumrah,Middle,28,14,1,4,0,5,200.0,28.0,3.5,35.71,pace,DC
M Pathirana,Death,28,42,9,0,3,30,66.67,3.11,14.0,71.43,pace,CSK
DW Lawrence,Middle,27,33,2,1,1,15,81.82,13.5,16.5,45.45,spin,
Vishnu Vinod,Middle,27,34,3,0,1,13,79.41,9.0,34.0,38.24,spin,GT
F du Plessis,Death,27,14,1,1,2,1,192.86,27.0,4.67,7.14,spin,
Noor Ahmad,Death,27,29,5,2,2,21,93.1,5.4,7.25,72.41,spin,KKR
Parvej Musaraf,Death,27,14,2,2,2,5,192.86,13.5,3.5,35.71,spin,
R Tewatia,Death,27,29,3,2,0,10,93.1,9.0,14.5,34.48,spin,
JR Hazlewood,Middle,27,28,3,0,2,17,96.43,9.0,14.0,60.71,pace,MI
M Jansen,Middle,27,33,1,2,0,15,81.82,27.0,16.5,45.45,pace,
AJ Tye,Death,27,24,1,2,1,11,112.5,27.0,8.0,45.83,pace,
Arshdeep Singh,Death,27,34,3,2,1,21,79.41,9.0,11.33,61.76,pace,LSG
Sikandar Raza,PP,26,24,0,3,1,13,108.33,inf,6.0,54.17,spin,
Bhanu Pania,Middle,26,28,0,0,1,11,92.86,inf,28.0,39.29,spin,
PJ Cummins,Middle,26,16,0,3,0,3,162.5,inf,5.33,18.75,spin,SRH
RK Bhui,Middle,26,27,1,0,1,8,96.3,26.0,27.0,29.63,spin,
A Zampa,Death,26,27,4,1,2,16,96.3,6.5,9.0,59.26,spin,SRH
Adarsh Singh,Death,26,7,1,0,4,1,371.43,26.0,1.75,14.29,spin,DC
M Theekshana,Death,26,29,2,3,1,19,89.66,13.0,7.25,65.52,spin,
Q de Kock,Death,26,13,2,2,2,4,200.0,13.0,3.25,30.77,spin,
RD Rickelton,Death,26,17,4,2,2,8,152.94,6.5,4.25,47.06,spin,RR
Ravi Bishnoi,Death,26,54,9,1,2,42,48.15,2.89,18.0,77.78,spin,SRH
T Natarajan,Death,26,14,1,2,2,8,185.71,26.0,3.5,57.14,spin,RR
Ankit Kumar,PP,26,19,2,1,2,8,136.84,13.0,6.33,42.11,pace,
Akshat Raghuwanshi,Middle,26,18,0,3,1,7,144.44,inf,4.5,38.89,pace,MI
Sunny Sandhu,Middle,26,23,1,2,0,11,113.04,26.0,11.5,47.83,pace,DC
TA Boult,Middle,26,16,1,0,3,6,162.5,26.0,5.33,37.5,pace,
Rashid Khan,Death,26,30,3,3,0,15,86.67,8.67,10.0,50.0,pace,RCB
SR Watson,Death,26,12,1,2,2,2,216.67,26.0,3.0,16.67,pace,
Tripuresh Singh,Death,26,20,2,4,1,13,130.0,13.0,4.0,65.0,pace,SRH
MW Short,PP,25,22,2,1,2,14,113.64,12.5,7.33,63.64,spin,MI
Usman Khan (2),Middle,25,19,1,1,1,6,131.58,25.0,9.5,31.58,spin,
Akshay Karnewar,Death,25,16,0,0,2,4,156.25,inf,8.0,25.0,spin,
Ishaan Gadekar,PP,25,27,1,4,0,16,92.59,25.0,6.75,59.26,pace,
Usman Khan (2),PP,25,15,1,3,1,5,166.67,25.0,3.75,33.33,pace,
M Shahrukh Khan,Middle,25,16,0,2,1,4,156.25,inf,5.33,25.0,pace,
Siddhesh Veer,Middle,25,15,0,2,1,5,166.67,inf,5.0,33.33,pace,MI
Ashwin Das,Death,25,27,3,1,2,17,92.59,8.33,9.0,62.96,pace,LSG
JO Holder,Death,25,10,0,2,2,2,250.0,inf,2.5,20.0,pace,
AA Kulkarni,Middle,24,24,2,0,1,8,100.0,12.0,24.0,33.33,spin,SRH
Akshat Raghuwanshi,Middle,24,15,1,1,2,6,160.0,24.0,5.0,40.0,spin,MI
D Wiese,Middle,24,25,1,1,1,10,96.0,24.0,12.5,40.0,spin,KKR
Waseem Muhammad,Middle,24,19,0,1,0,5,126.32,inf,19.0,26.32,spin,
B Kumar,Death,24,37,3,1,1,24,64.86,8.0,18.5,64.86,spin,KKR
JC Archer,Death,24,20,3,1,2,12,120.0,8.0,6.67,60.0,spin,DC
SM Curran,Death,24,17,1,1,1,3,141.18,24.0,8.5,17.65,spin,RR
Bhanu Pania,PP,24,18,0,2,1,9,133.33,inf,6.0,50.0,pace,
TB Robinson,PP,24,16,1,2,1,8,150.0,24.0,5.33,50.0,pace,
GF Linde,Middle,24,24,3,3,0,10,100.0,8.0,8.0,41.67,pace,GT
JM Vince,Middle,24,14,0,3,0,0,171.43,inf,4.67,0.0,pace,CSK
MS Bhandage,Death,24,11,1,4,0,2,218.18,24.0,2.75,18.18,pace,PBKS
Arslan Khan,PP,23,13,1,4,0,5,176.92,23.0,3.25,38.46,spin,
A Manohar,Middle,23,16,0,1,1,2,143.75,inf,8.0,12.5,spin,RCB
JN Loftie-Eaton,Middle,23,22,0,2,0,12,104.55,inf,11.0,54.55,spin,
Kunal Chandela,Middle,23,12,1,0,3,6,191.67,23.0,4.0,50.0,spin,
Sunny Sandhu,Middle,23,20,0,1,1,10,115.0,inf,10.0,50.0,spin,DC
A Manohar,Death,23,20,4,2,1,11,115.0,5.75,6.67,55.0,spin,RCB
Ashutosh Aman,Death,23,12,2,1,2,5,191.67,11.5,4.0,41.67,spin,
DW Lawrence,Death,23,15,0,1,1,3,153.33,inf,7.5,20.0,spin,
Rahul Singh,Death,23,14,2,3,1,6,164.29,11.5,3.5,42.86,spin,
Shahbaz Ahmed,PP,23,8,0,1,3,3,287.5,inf,2.0,37.5,pace,KKR
D Padikkal,Middle,23,16,2,3,1,7,143.75,11.5,4.0,43.75,pace,RR
A Badoni,Death,23,14,1,2,1,5,164.29,23.0,4.67,35.71,pace,SRH
Akash Vasisht,Death,23,26,5,3,1,19,88.46,4.6,6.5,73.08,pace,DC
R Tewatia,Death,23,18,2,3,0,6,127.78,11.5,6.0,33.33,pace,
AA Kulkarni,PP,22,15,2,3,0,6,146.67,11.0,5.0,40.0,spin,SRH
A Mhatre,Middle,22,15,2,1,1,5,146.67,11.0,7.5,33.33,spin,
Jagjit Singh,Middle,22,6,0,0,3,0,366.67,inf,2.0,0.0,spin,
RA Bawa,Middle,22,15,0,0,2,4,146.67,inf,7.5,26.67,spin,SRH
Rituraj Sharma,Middle,22,21,2,0,1,9,104.76,11.0,21.0,42.86,spin,
R Shepherd,Death,22,10,2,2,2,5,220.0,11.0,2.5,50.0,spin,SRH
SH Johnson,Death,22,14,2,1,2,7,157.14,11.0,4.67,50.0,spin,KKR
TM Head,Death,22,21,3,2,0,8,104.76,7.33,10.5,38.1,spin,KKR
Vishnu Vinod,Middle,22,24,2,1,1,10,91.67,11.0,12.0,41.67,pace,GT
Akash Pawar,Death,22,11,1,0,2,4,200.0,22.0,5.5,36.36,pace,
Avesh Khan,Death,22,36,8,0,1,26,61.11,2.75,36.0,72.22,pace,LSG
MK Pandey,Death,22,19,0,2,0,6,115.79,inf,9.5,31.58,pace,
MP Yadav,Death,22,24,6,2,0,12,91.67,3.67,12.0,50.0,pace,KKR
RD Chahar,Death,22,14,1,3,1,6,157.14,22.0,3.5,42.86,pace,
Yash Thakur,Death,22,33,2,3,0,22,66.67,11.0,11.0,66.67,pace,
Z Khan,Death,22,21,1,0,2,11,104.76,22.0,10.5,52.38,pace,
AB de Villiers,PP,21,26,1,1,1,17,80.77,21.0,13.0,65.38,spin,
AM Hardie,PP,21,24,0,1,1,17,87.5,inf,12.0,70.83,spin,CSK
Nithish Kumar Reddy,PP,21,28,1,1,1,17,75.0,21.0,14.0,60.71,spin,GT
Parth Chandan,PP,21,12,0,4,0,4,175.0,inf,3.0,33.33,spin,DC
Samarth Vyas,PP,21,16,1,2,2,12,131.25,21.0,4.0,75.0,spin,
Hemang Patel,Middle,21,17,3,0,2,10,123.53,7.0,8.5,58.82,spin,
M Jansen,Middle,21,11,1,1,1,1,190.91,21.0,5.5,9.09,spin,
Yashvardhan Dalal,Middle,21,17,1,1,1,5,123.53,21.0,8.5,29.41,spin,
Harshit Rana,Death,21,14,2,0,2,5,150.0,10.5,7.0,35.71,spin,
JJ Bumrah,Death,21,12,1,4,0,4,175.0,21.0,3.0,33.33,spin,DC
MM Ali,Death,21,10,1,2,1,1,210.0,21.0,3.33,10.0,spin,
TB Robinson,Death,21,7,1,1,2,1,300.0,21.0,2.33,14.29,spin,
Akash Vasisht,PP,21,16,2,2,1,8,131.25,10.5,5.33,50.0,pace,DC
Vansh Bedi,PP,21,10,0,0,2,3,210.0,inf,5.0,30.0,pace,PBKS
Hemang Patel,Middle,21,26,1,2,0,14,80.77,21.0,13.0,53.85,pace,
PN Mankad,Middle,21,12,0,2,1,3,175.0,inf,4.0,25.0,pace,
SE Rutherford,Middle,21,14,0,1,1,7,150.0,inf,7.0,50.0,pace,
Salman Nizar,Middle,21,26,1,1,0,8,80.77,21.0,26.0,30.77,pace,
A Nagwaswalla,Death,21,29,3,3,1,22,72.41,7.0,7.25,75.86,pace,RR
Akshat Raghuwanshi,Death,21,12,2,1,2,5,175.0,10.5,4.0,41.67,pace,MI
Sandeep Sharma,Death,21,17,0,3,0,7,123.53,inf,5.67,41.18,pace,
J Suresh Kumar,Middle,20,11,2,2,0,4,181.82,10.0,5.5,36.36,spin,PBKS
Sunny Sandhu,Death,20,8,1,2,2,4,250.0,20.0,2.0,50.0,spin,DC
SO Hetmyer,PP,20,14,0,3,0,5,142.86,inf,4.67,35.71,pace,
Avesh Khan,Middle,20,25,1,0,1,14,80.0,20.0,25.0,56.0,pace,LSG
JC Archer,Middle,20,26,3,1,1,18,76.92,6.67,13.0,69.23,pace,DC
Shaheen Shah Afridi,Middle,20,25,3,0,1,18,80.0,6.67,25.0,72.0,pace,DC
KA Maharaj,Death,20,22,3,3,0,13,90.91,6.67,7.33,59.09,pace,RCB
Shivam Shukla,Death,20,8,1,2,2,4,250.0,20.0,2.0,50.0,pace,MI
Umran Malik,Death,20,9,1,3,1,4,222.22,20.0,2.25,44.44,pace,
MK Pandey,PP,19,11,0,1,2,5,172.73,inf,3.67,45.45,spin,
V Nigam,PP,19,11,1,4,0,4,172.73,19.0,2.75,36.36,spin,GT
JR Hazlewood,Middle,19,14,0,2,0,6,135.71,inf,7.0,42.86,spin,MI
MG Bracewell,Middle,19,20,1,0,1,8,95.0,19.0,20.0,40.0,spin,
Ravi Bishnoi,Middle,19,11,0,3,0,5,172.73,inf,3.67,45.45,spin,SRH
Sachin Baby,Middle,19,15,1,2,0,5,126.67,19.0,7.5,33.33,spin,CSK
Shaheen Shah Afridi,Middle,19,15,1,3,0,8,126.67,19.0,5.0,53.33,spin,DC
AS Roy,Death,19,21,4,0,2,12,90.48,4.75,10.5,57.14,spin,
C Sakariya,Death,19,12,1,2,1,4,158.33,19.0,4.0,33.33,spin,RR
JJ Smit,Death,19,24,6,1,1,13,79.17,3.17,12.0,54.17,spin,PBKS
Naseem Shah,Death,19,8,0,0,2,2,237.5,inf,4.0,25.0,spin,
Shaheen Shah Afridi,Death,19,18,2,1,2,12,105.56,9.5,6.0,66.67,spin,DC
JN Loftie-Eaton,PP,19,21,2,3,0,13,90.48,9.5,7.0,61.9,pace,
SN Khan,PP,19,11,2,3,1,6,172.73,9.5,2.75,54.55,pace,
TP Ura,PP,19,9,1,2,1,5,211.11,19.0,3.0,55.56,pace,PBKS
Ankit Kumar,Middle,19,18,0,0,0,4,105.56,inf,inf,22.22,pace,
K Gowtham,Middle,19,13,1,0,2,6,146.15,19.0,6.5,46.15,pace,
Shubhang Hegde,Middle,19,9,0,2,1,3,211.11,inf,3.0,33.33,pace,LSG
AGS Gous,Death,19,9,1,0,2,2,211.11,19.0,4.5,22.22,pace,LSG
J Fraser-McGurk,Death,19,8,2,1,2,2,237.5,9.5,2.67,25.0,pace,DC
JN Loftie-Eaton,Death,19,11,1,1,1,5,172.73,19.0,5.5,45.45,pace,
Mohammed Siraj,Death,19,13,1,2,1,5,146.15,19.0,4.33,38.46,pace,
Naseem Shah,Death,19,22,4,1,1,11,86.36,4.75,11.0,50.0,pace,
Abhishek Tanwar,Middle,18,11,0,0,1,3,163.64,inf,11.0,27.27,spin,RCB
JE Root,Middle,18,12,1,1,1,4,150.0,18.0,6.0,33.33,spin,SRH
Rishabh Chouhan,Middle,18,14,1,2,0,2,128.57,18.0,7.0,14.29,spin,GT
Ehsan Khan,Death,18,24,4,4,0,19,75.0,4.5,6.0,79.17,spin,CSK
Harsh Dubey,Death,18,22,5,3,0,13,81.82,3.6,7.33,59.09,spin,DC
J Suchith,Death,18,17,2,1,1,7,105.88,9.0,8.5,41.18,spin,
MA Agarwal,Death,18,9,2,1,2,4,200.0,9.0,3.0,44.44,spin,
RA Tripathi,Death,18,16,3,1,1,6,112.5,6.0,8.0,37.5,spin,
Suyash Sharma,Death,18,14,0,0,1,5,128.57,inf,14.0,35.71,spin,
AR Patel,PP,18,20,1,2,0,10,90.0,18.0,10.0,50.0,pace,PBKS
Bilal Zalmai,PP,18,8,1,2,1,3,225.0,18.0,2.67,37.5,pace,
D Padikkal,PP,18,12,1,2,1,5,150.0,18.0,4.0,41.67,pace,RR
Kumar Kushagra,PP,18,13,2,2,1,7,138.46,9.0,4.33,53.85,pace,RR
Yuvraj Chaudhary,PP,18,17,0,1,0,6,105.88,inf,17.0,35.29,pace,
A Mhatre,Middle,18,16,1,2,0,5,112.5,18.0,8.0,31.25,pace,
Anmol Malhotra,Middle,18,17,0,0,1,6,105.88,inf,17.0,35.29,pace,
JM Coles,Middle,18,12,1,0,1,2,150.0,18.0,12.0,16.67,pace,
Kunal Chandela,Middle,18,13,0,1,1,5,138.46,inf,6.5,38.46,pace,
SR Watson,Middle,18,13,1,0,1,1,138.46,18.0,13.0,7.69,pace,
Saim Ayub,Middle,18,15,0,0,0,2,120.0,inf,inf,13.33,pace,
DR Sams,Death,18,16,4,3,0,10,112.5,4.5,5.33,62.5,pace,
JM Vince,Death,18,11,2,0,2,6,163.64,9.0,5.5,54.55,pace,CSK
TP Ura,Death,18,15,3,1,1,5,120.0,6.0,7.5,33.33,pace,PBKS
Yuvraj Singh,Death,18,10,1,1,2,5,180.0,18.0,3.33,50.0,pace,
A Raghuvanshi,PP,17,17,3,2,0,12,100.0,5.67,8.5,70.59,spin,
MK Lomror,PP,17,13,0,3,0,5,130.77,inf,4.33,38.46,spin,
PN Mankad,PP,17,19,1,2,1,13,89.47,17.0,6.33,68.42,spin,
DA Warner,Middle,17,9,0,1,1,1,188.89,inf,4.5,11.11,spin,
MADI Hemantha,Middle,17,9,1,1,1,4,188.89,17.0,4.5,44.44,spin,
D Ferreira,Death,17,7,1,1,2,4,242.86,17.0,2.33,57.14,spin,
MG Erasmus,Death,17,15,2,2,0,8,113.33,8.5,7.5,53.33,spin,
Mohammed Shami,Death,17,19,1,1,0,10,89.47,17.0,19.0,52.63,spin,MI
Ravi Singh,Death,17,16,6,3,0,8,106.25,2.83,5.33,50.0,spin,
DL Chahar,Middle,17,13,0,3,0,6,130.77,inf,4.33,46.15,pace,
Mohammad Nabi,Middle,17,11,1,1,1,2,154.55,17.0,5.5,18.18,pace,
KK Ahmed,Death,17,21,4,1,0,12,80.95,4.25,21.0,57.14,pace,
Pulkit Narang,Death,17,23,2,0,2,16,73.91,8.5,11.5,69.57,pace,KKR
Ravi Bishnoi,Death,17,16,2,0,2,9,106.25,8.5,8.0,56.25,pace,SRH
Vishnu Vinod,Death,17,11,2,2,1,5,154.55,8.5,3.67,45.45,pace,GT
Akshat Raghuwanshi,PP,16,7,1,4,0,3,228.57,16.0,1.75,42.86,spin,MI
Ramandeep Singh,PP,16,8,0,1,1,3,200.0,inf,4.0,37.5,spin,RCB
Sanskar Rawat,PP,16,17,2,2,1,13,94.12,8.0,5.67,76.47,spin,
Usman Khan (2),PP,16,7,0,2,1,2,228.57,inf,2.33,28.57,spin,
Waseem Muhammad,PP,16,10,0,1,1,6,160.0,inf,5.0,60.0,spin,
Bilal Zalmai,Middle,16,13,1,1,0,4,123.08,16.0,13.0,30.77,spin,
MM Ali,Middle,16,26,2,1,1,18,61.54,8.0,13.0,69.23,spin,
Ritik Vats,Middle,16,19,1,1,0,8,84.21,16.0,19.0,42.11,spin,DC
S Lamichhane,Middle,16,12,1,0,1,6,133.33,16.0,12.0,50.0,spin,MI
Swapnil Singh,Middle,16,6,0,2,1,2,266.67,inf,2.0,33.33,spin,
Sairaj Patil,Death,16,13,1,2,1,8,123.08,16.0,4.33,61.54,spin,KKR
Satyajeet Bachhav,Death,16,13,3,3,0,7,123.08,5.33,4.33,53.85,spin,MI
Tanay Thyagarajan,Death,16,12,2,0,1,6,133.33,8.0,12.0,50.0,spin,CSK
Yudhvir Singh,Death,16,9,0,0,2,3,177.78,inf,4.5,33.33,spin,RR
Yashvardhan Dalal,PP,16,16,1,3,0,11,100.0,16.0,5.33,68.75,pace,
Mohammed Siraj,Middle,16,4,0,2,1,0,400.0,inf,1.33,0.0,pace,
RA Bawa,Middle,16,23,3,0,1,14,69.57,5.33,23.0,60.87,pace,SRH
HV Patel,Death,16,25,5,1,0,14,64.0,3.2,25.0,56.0,pace,PBKS
Rituraj Sharma,Death,16,10,1,3,0,4,160.0,16.0,3.33,40.0,pace,
TK Curran,Death,16,9,0,2,0,2,177.78,inf,4.5,22.22,pace,
Harnoor Singh,PP,15,14,0,3,0,8,107.14,inf,4.67,57.14,spin,RCB
Hassan Nawaz,PP,15,9,0,0,2,4,166.67,inf,4.5,44.44,spin,
AR Ramjani,Middle,15,28,2,0,0,17,53.57,7.5,inf,60.71,spin,PBKS
Adarsh Singh,Middle,15,11,0,0,1,2,136.36,inf,11.0,18.18,spin,DC
B Indrajith,Middle,15,6,0,0,1,1,250.0,inf,6.0,16.67,spin,
JDS Neesham,Middle,15,11,1,0,1,2,136.36,15.0,11.0,18.18,spin,
Saim Ayub,Middle,15,10,1,0,1,2,150.0,15.0,10.0,20.0,spin,
JL Smith,Death,15,7,1,0,2,2,214.29,15.0,3.5,28.57,spin,
JM Vince,Death,15,11,1,1,0,2,136.36,15.0,11.0,18.18,spin,CSK
Rasikh Salam,Death,15,12,2,3,0,8,125.0,7.5,4.0,66.67,spin,SRH
S Lamichhane,Death,15,9,1,1,1,3,166.67,15.0,4.5,33.33,spin,MI
EA Brookes,PP,15,13,0,0,2,9,115.38,inf,6.5,69.23,pace,
D Potgieter,Middle,15,7,0,0,1,0,214.29,inf,7.0,0.0,pace,
DR Sams,Middle,15,12,0,0,0,4,125.0,inf,inf,33.33,pace,
Usman Khan (2),Middle,15,10,0,0,1,3,150.0,inf,10.0,30.0,pace,
D Potgieter,Death,15,15,2,1,0,7,100.0,7.5,15.0,46.67,pace,
LH Ferguson,Death,15,26,3,1,1,23,57.69,5.0,13.0,88.46,pace,
MG Erasmus,Death,15,6,2,2,1,2,250.0,7.5,2.0,33.33,pace,
Mohammad Ghazanfar,Death,15,14,1,0,1,10,107.14,15.0,14.0,71.43,pace,RR
PP Shaw,Death,15,12,2,0,2,7,125.0,7.5,6.0,58.33,pace,
Sunny Sandhu,Death,15,10,1,1,1,3,150.0,15.0,5.0,30.0,pace,DC
HH Pandya,PP,14,8,1,2,0,1,175.0,14.0,4.0,12.5,spin,LSG
J Suresh Kumar,PP,14,10,0,1,1,4,140.0,inf,5.0,40.0,spin,PBKS
NA Rathva,PP,14,14,2,2,0,8,100.0,7.0,7.0,57.14,spin,
D Visser,Middle,14,16,2,0,1,9,87.5,7.0,16.0,56.25,spin,
JC Archer,Middle,14,17,1,1,0,7,82.35,14.0,17.0,41.18,spin,DC
LUVNITH SISODIA,Middle,14,9,1,0,1,3,155.56,14.0,9.0,33.33,spin,
SE Rutherford,Middle,14,13,1,0,0,2,107.69,14.0,inf,15.38,spin,
Atharva Ankolekar,Death,14,16,3,0,1,10,87.5,4.67,16.0,62.5,spin,RR
Fazalhaq Farooqi,Death,14,22,2,2,0,14,63.64,7.0,11.0,63.64,spin,GT
G Coetzee,Death,14,10,0,1,0,2,140.0,inf,10.0,20.0,spin,
H Ssenyondo,Death,14,27,3,1,1,22,51.85,4.67,13.5,81.48,spin,LSG
M Prasidh Krishna,Death,14,13,2,1,0,5,107.69,7.0,13.0,38.46,spin,KKR
PJ Cummins,Death,14,16,0,1,0,6,87.5,inf,16.0,37.5,spin,SRH
S Gopal,Death,14,11,3,0,2,8,127.27,4.67,5.5,72.73,spin,
Sufiyan Muqeem,Death,14,11,1,1,1,6,127.27,14.0,5.5,54.55,spin,GT
Arslan Khan,PP,14,9,1,2,0,3,155.56,14.0,4.5,33.33,pace,
Ramandeep Singh,PP,14,11,0,2,0,5,127.27,inf,5.5,45.45,pace,RCB
A Raghuvanshi,Middle,14,22,3,0,0,9,63.64,4.67,inf,40.91,pace,
JE Root,Middle,14,5,0,1,0,0,280.0,inf,5.0,0.0,pace,SRH
LR Chethan,Middle,14,11,1,1,0,4,127.27,14.0,11.0,36.36,pace,LSG
MJ Santner,Middle,14,10,2,0,1,4,140.0,7.0,10.0,40.0,pace,
Rituraj Sharma,Middle,14,6,0,1,1,1,233.33,inf,3.0,16.67,pace,
Gurnoor Brar,Death,14,8,0,0,2,4,175.0,inf,4.0,50.0,pace,DC
Mohammad Nabi,Death,14,14,3,1,1,8,100.0,4.67,7.0,57.14,pace,
JG Bethell,PP,13,20,0,1,0,12,65.0,inf,20.0,60.0,spin,
MG Erasmus,PP,13,15,0,2,0,9,86.67,inf,7.5,60.0,spin,
T Dahiya,PP,13,6,0,3,0,3,216.67,inf,2.0,50.0,spin,LSG
AJ Hosein,Middle,13,23,1,1,0,16,56.52,13.0,23.0,69.57,spin,
AV Wankhade,Middle,13,16,2,1,0,8,81.25,6.5,16.0,50.0,spin,
T Natarajan,Middle,13,8,1,1,0,2,162.5,13.0,8.0,25.0,spin,RR
Jagjit Singh,Death,13,14,0,1,0,7,92.86,inf,14.0,50.0,spin,
K Gowtham,Death,13,10,1,0,1,4,130.0,13.0,10.0,40.0,spin,
SR Dickson,Death,13,11,1,0,1,5,118.18,13.0,11.0,45.45,spin,
T Dahiya,Death,13,8,0,0,1,2,162.5,inf,8.0,25.0,spin,LSG
C Connolly,PP,13,13,2,2,0,7,100.0,6.5,6.5,53.85,pace,GT
Harnoor Singh,PP,13,6,1,3,0,2,216.67,13.0,2.0,33.33,pace,RCB
M Shahrukh Khan,PP,13,15,0,1,0,8,86.67,inf,15.0,53.33,pace,
Virat Singh,PP,13,7,1,1,1,2,185.71,13.0,3.5,28.57,pace,
Adarsh Singh,Middle,13,13,0,0,0,4,100.0,inf,inf,30.77,pace,DC
Sanvir Singh,Middle,13,17,2,0,0,7,76.47,6.5,inf,41.18,pace,
A Zampa,Death,13,15,4,1,1,12,86.67,3.25,7.5,80.0,pace,SRH
CV Varun,Death,13,28,4,1,0,21,46.43,3.25,28.0,75.0,pace,PBKS
Gurjapneet Singh,Death,13,6,0,1,1,3,216.67,inf,3.0,50.0,pace,
JM Bairstow,Death,13,5,0,1,1,0,260.0,inf,2.5,0.0,pace,
MM Ali,Death,13,10,2,0,1,4,130.0,6.5,10.0,40.0,pace,
MW Short,Death,13,7,3,1,1,3,185.71,4.33,3.5,42.86,pace,MI
NT Ellis,Death,13,35,9,1,1,30,37.14,1.44,17.5,85.71,pace,SRH
SM Curran,PP,12,7,0,2,0,2,171.43,inf,3.5,28.57,spin,RR
D Ferreira,Middle,12,11,1,0,1,4,109.09,12.0,11.0,36.36,spin,
M Prasidh Krishna,Middle,12,9,0,0,1,5,133.33,inf,9.0,55.56,spin,KKR
AHT Donald,Death,12,11,1,0,1,5,109.09,12.0,11.0,45.45,spin,
LR Chethan,Death,12,10,0,0,1,4,120.0,inf,10.0,40.0,spin,LSG
MA Wood,Death,12,5,0,2,0,0,240.0,inf,2.5,0.0,spin,KKR
Prashant Veer,Death,12,7,2,1,1,3,171.43,6.0,3.5,42.86,spin,PBKS
Sonu Yadav,Death,12,9,1,2,0,4,133.33,12.0,4.5,44.44,spin,CSK
Vidyadhar Patil,Death,12,6,2,1,1,2,200.0,6.0,3.0,33.33,spin,SRH
J Suresh Kumar,PP,12,13,1,2,0,9,92.31,12.0,6.5,69.23,pace,PBKS
SK Rasheed,PP,12,7,1,1,1,4,171.43,12.0,3.5,57.14,pace,
SS Prabhudessai,PP,12,10,1,1,1,6,120.0,12.0,5.0,60.0,pace,
C Connolly,Middle,12,5,0,0,1,0,240.0,inf,5.0,0.0,pace,GT
Gaurav Puri,Middle,12,6,0,1,0,0,200.0,inf,6.0,0.0,pace,
MM Ali,Middle,12,12,1,1,0,5,100.0,12.0,12.0,41.67,pace,
Shadab Khan,Middle,12,6,0,1,1,2,200.0,inf,3.0,33.33,pace,
Shashwat Rawat,Middle,12,7,1,0,1,1,171.43,12.0,7.0,14.29,pace,
T Natarajan,Middle,12,4,1,0,1,1,300.0,12.0,4.0,25.0,pace,RR
Bhanu Pania,Death,12,18,1,1,0,11,66.67,12.0,18.0,61.11,pace,
C Sakariya,Death,12,17,5,1,1,13,70.59,2.4,8.5,76.47,pace,RR
M Shahrukh Khan,Death,12,6,2,2,0,2,200.0,6.0,3.0,33.33,pace,
Noor Ahmad,Death,12,11,3,1,0,6,109.09,4.0,11.0,54.55,pace,KKR
HC Brook,PP,11,5,0,1,1,2,220.0,inf,2.5,40.0,spin,GT
JL Smith,PP,11,11,1,2,0,6,100.0,11.0,5.5,54.55,spin,
LR Chethan,PP,11,13,1,1,0,6,84.62,11.0,13.0,46.15,spin,LSG
TH David,PP,11,7,0,2,0,2,157.14,inf,3.5,28.57,spin,
Utkarsh Singh,PP,11,8,0,0,1,4,137.5,inf,8.0,50.0,spin,RR
Atharva Ankolekar,Middle,11,28,3,1,0,20,39.29,3.67,28.0,71.43,spin,RR
DR Sams,Middle,11,11,0,1,0,4,100.0,inf,11.0,36.36,spin,
Faisal Khan,Middle,11,7,0,2,0,2,157.14,inf,3.5,28.57,spin,
KK Ahmed,Middle,11,7,1,2,0,3,157.14,11.0,3.5,42.86,spin,
MA Starc,Middle,11,4,0,1,0,0,275.0,inf,4.0,0.0,spin,MI
RR Patel,Middle,11,15,0,1,0,10,73.33,inf,15.0,66.67,spin,
SR Watson,Middle,11,7,1,0,1,1,157.14,11.0,7.0,14.29,spin,
Sanvir Singh,Middle,11,12,0,1,0,6,91.67,inf,12.0,50.0,spin,
AGS Gous,Death,11,8,1,0,1,2,137.5,11.0,8.0,25.0,spin,LSG
AM Hardie,Death,11,12,1,0,1,7,91.67,11.0,12.0,58.33,spin,CSK
Ajay Rohera,Death,11,6,1,0,1,1,183.33,11.0,6.0,16.67,spin,LSG
Ashwin Das,Death,11,9,0,1,0,4,122.22,inf,9.0,44.44,spin,LSG
LUVNITH SISODIA,Death,11,14,2,0,0,5,78.57,5.5,inf,35.71,spin,
MP Yadav,Death,11,20,3,1,0,12,55.0,3.67,20.0,60.0,spin,KKR
SL Malinga,Death,11,7,0,1,1,4,157.14,inf,3.5,57.14,spin,
Yuvraj Chaudhary,Death,11,5,2,2,0,3,220.0,5.5,2.5,60.0,spin,
AA Kulkarni,Middle,11,10,0,1,0,2,110.0,inf,10.0,20.0,pace,SRH
AGS Gous,Middle,11,12,1,1,0,6,91.67,11.0,12.0,50.0,pace,LSG
DS Airee,Middle,11,11,1,1,0,6,100.0,11.0,11.0,54.55,pace,DC
G Coetzee,Middle,11,9,1,0,1,4,122.22,11.0,9.0,44.44,pace,
NT Ellis,Middle,11,11,0,1,0,6,100.0,inf,11.0,54.55,pace,SRH
SR Dickson,Middle,11,13,0,1,0,5,84.62,inf,13.0,38.46,pace,
Utkarsh Singh,Middle,11,13,1,0,1,7,84.62,11.0,13.0,53.85,pace,RR
Yudhvir Singh,Middle,11,9,2,0,1,3,122.22,5.5,9.0,33.33,pace,RR
D Ferreira,Death,11,14,1,2,0,9,78.57,11.0,7.0,64.29,pace,
J Suchith,Death,11,5,0,0,1,1,220.0,inf,5.0,20.0,pace,
JM Coles,Death,11,8,0,1,0,1,137.5,inf,8.0,12.5,pace,
LI Meriwala,Death,11,11,1,1,0,4,100.0,11.0,11.0,36.36,pace,SRH
LR Chethan,Death,11,5,1,1,1,2,220.0,11.0,2.5,40.0,pace,LSG
Mukesh Kumar,Death,11,7,3,1,0,3,157.14,3.67,7.0,42.86,pace,
Punit Bisht,Death,11,4,1,1,1,1,275.0,11.0,2.0,25.0,pace,
SE Rutherford,Death,11,4,0,1,1,1,275.0,inf,2.0,25.0,pace,
Sami Sohail,Death,11,8,2,1,0,2,137.5,5.5,8.0,25.0,pace,
DA Warner,PP,10,9,0,1,0,2,111.11,inf,9.0,22.22,spin,
JE Root,PP,10,11,1,1,0,5,90.91,10.0,11.0,45.45,spin,SRH
Anand Bais,Middle,10,5,1,0,1,1,200.0,10.0,5.0,20.0,spin,DC
Anmol Malhotra,Middle,10,8,1,0,1,5,125.0,10.0,8.0,62.5,spin,
CJ Green,Middle,10,10,1,0,1,8,100.0,10.0,10.0,80.0,spin,
DL Chahar,Middle,10,4,0,2,0,0,250.0,inf,2.0,0.0,spin,
G Coetzee,Middle,10,7,0,1,0,2,142.86,inf,7.0,28.57,spin,
Khrievitso Kense,Middle,10,12,1,1,0,7,83.33,10.0,12.0,58.33,spin,
Khushdil Shah,Middle,10,12,1,1,0,6,83.33,10.0,12.0,50.0,spin,
Kuldeep Yadav,Middle,10,15,0,1,0,9,66.67,inf,15.0,60.0,spin,LSG
Akshat Raghuwanshi,Death,10,5,0,0,1,0,200.0,inf,5.0,0.0,spin,MI
Khushdil Shah,Death,10,10,2,0,1,6,100.0,5.0,10.0,60.0,spin,
MJ Santner,Death,10,16,2,0,0,6,62.5,5.0,inf,37.5,spin,
MS Bhandage,Death,10,7,1,2,0,3,142.86,10.0,3.5,42.86,spin,PBKS
RK Bhui,Death,10,12,2,1,0,7,83.33,5.0,12.0,58.33,spin,
SS Ghosh,Death,10,5,0,1,1,3,200.0,inf,2.5,60.0,spin,RCB
Samant Jakhar,Death,10,4,0,0,1,1,250.0,inf,4.0,25.0,spin,
Salman Nizar,PP,10,11,2,2,0,7,90.91,5.0,5.5,63.64,pace,
T Dahiya,PP,10,5,0,2,0,3,200.0,inf,2.5,60.0,pace,LSG
Aryan Juyal,Middle,10,15,1,0,0,10,66.67,10.0,inf,66.67,pace,
DS Rathi,Middle,10,9,0,2,0,6,111.11,inf,4.5,66.67,pace,LSG
MG Bracewell,Middle,10,9,1,1,0,3,111.11,10.0,9.0,33.33,pace,
SS Ghosh,Middle,10,20,2,0,1,16,50.0,5.0,20.0,80.0,pace,RCB
SS Prabhudessai,Middle,10,6,0,0,1,1,166.67,inf,6.0,16.67,pace,
A Nortje,Death,10,7,1,2,0,3,142.86,10.0,3.5,42.86,pace,
Ehsan Khan,Death,10,19,1,1,0,12,52.63,10.0,19.0,63.16,pace,CSK
HR Shokeen,Death,10,5,1,1,0,1,200.0,10.0,5.0,20.0,pace,
Jay Bista,Death,10,7,1,0,1,5,142.86,10.0,7.0,71.43,pace,
SR Dickson,Death,10,6,1,0,1,2,166.67,10.0,6.0,33.33,pace,
SS Ghosh,Death,10,22,4,1,0,18,45.45,2.5,22.0,81.82,pace,RCB
Swapnil Singh,Death,10,7,3,2,0,3,142.86,3.33,3.5,42.86,pace,
Karan Shinde,PP,9,7,1,2,0,4,128.57,9.0,3.5,57.14,spin,SRH
R Tewatia,PP,9,3,0,2,0,0,300.0,inf,1.5,0.0,spin,
SN Khan,PP,9,11,0,1,0,5,81.82,inf,11.0,45.45,spin,
Salman Nizar,PP,9,9,0,0,0,4,100.0,inf,inf,44.44,spin,
Shakib Al Hasan,PP,9,10,1,0,1,7,90.0,9.0,10.0,70.0,spin,
Akhil Singh Rawat,Middle,9,21,0,0,0,13,42.86,inf,inf,61.9,spin,KKR
Ashwin Shelke,Middle,9,9,1,1,0,4,100.0,9.0,9.0,44.44,spin,DC
MJ Santner,Middle,9,9,0,1,0,4,100.0,inf,9.0,44.44,spin,
MP Yadav,Middle,9,19,0,1,0,15,47.37,inf,19.0,78.95,spin,KKR
R Tewatia,Middle,9,7,2,1,0,2,128.57,4.5,7.0,28.57,spin,
Rasikh Salam,Middle,9,7,0,0,1,3,128.57,inf,7.0,42.86,spin,SRH
Sairaj Patil,Middle,9,7,0,1,0,3,128.57,inf,7.0,42.86,spin,KKR
Yudhvir Singh,Middle,9,6,0,0,1,3,150.0,inf,6.0,50.0,spin,RR
Abhishek Tanwar,Death,9,10,2,2,0,8,90.0,4.5,5.0,80.0,spin,RCB
D Potgieter,Death,9,3,0,0,1,0,300.0,inf,3.0,0.0,spin,
HS Desai,Death,9,5,2,0,1,2,180.0,4.5,5.0,40.0,spin,SRH
Imran Tahir,Death,9,15,4,0,1,12,60.0,2.25,15.0,80.0,spin,KKR
Jaskaran Singh,Death,9,7,0,1,0,3,128.57,inf,7.0,42.86,spin,
Mujeeb Ur Rahman,Death,9,9,1,0,1,6,100.0,9.0,9.0,66.67,spin,
JG Bethell,PP,9,19,1,1,0,13,47.37,9.0,19.0,68.42,pace,
Bal Krishna,Middle,9,8,1,1,0,4,112.5,9.0,8.0,50.0,pace,
R Ahir,Middle,9,9,0,1,0,3,100.0,inf,9.0,33.33,pace,
Yuvraj Singh,Middle,9,8,1,0,0,2,112.5,9.0,inf,25.0,pace,
Ihsanullah,Death,9,7,0,0,1,3,128.57,inf,7.0,42.86,pace,
Kuldeep Yadav,Death,9,12,1,1,0,7,75.0,9.0,12.0,58.33,pace,LSG
Waseem Muhammad,Death,9,7,2,1,0,2,128.57,4.5,7.0,28.57,pace,
JM Coles,PP,8,9,2,0,1,7,88.89,4.0,9.0,77.78,spin,
A Raghuvanshi,Middle,8,5,0,0,0,0,160.0,inf,inf,0.0,spin,
AM Hardie,Middle,8,9,1,0,0,4,88.89,8.0,inf,44.44,spin,CSK
CV Varun,Middle,8,21,3,0,1,19,38.1,2.67,21.0,90.48,spin,PBKS
LR Chethan,Middle,8,6,1,0,0,1,133.33,8.0,inf,16.67,spin,LSG
M Markande,Middle,8,12,0,1,0,7,66.67,inf,12.0,58.33,spin,SRH
Prashant Veer,Middle,8,8,1,1,0,4,100.0,8.0,8.0,50.0,spin,PBKS
SB Dubey,Middle,8,11,2,0,0,3,72.73,4.0,inf,27.27,spin,
SM Curran,Middle,8,15,0,0,0,11,53.33,inf,inf,73.33,spin,RR
Sumit Kumar,Middle,8,5,0,0,1,3,160.0,inf,5.0,60.0,spin,
VG Arora,Middle,8,6,0,1,0,3,133.33,inf,6.0,50.0,spin,
J Kariko,Death,8,6,0,2,0,4,133.33,inf,3.0,66.67,spin,
JD Unadkat,Death,8,8,0,1,0,3,100.0,inf,8.0,37.5,spin,
MM Sharma,Death,8,3,0,0,1,1,266.67,inf,3.0,33.33,spin,
Mayank Dagar,Death,8,15,2,1,0,12,53.33,4.0,15.0,80.0,spin,DC
Pulkit Narang,Death,8,21,4,1,0,18,38.1,2.0,21.0,85.71,spin,KKR
R Sanjay Yadav,Death,8,5,1,2,0,3,160.0,8.0,2.5,60.0,spin,
Waseem Muhammad,Death,8,3,0,0,1,0,266.67,inf,3.0,0.0,spin,
MK Lomror,PP,8,10,0,0,0,5,80.0,inf,inf,50.0,pace,
Sameer Rizvi,PP,8,11,0,0,0,7,72.73,inf,inf,63.64,pace,LSG
Sanskar Rawat,PP,8,6,1,0,1,3,133.33,8.0,6.0,50.0,pace,
Sikandar Raza,PP,8,6,2,1,0,2,133.33,4.0,6.0,33.33,pace,
Akash Vasisht,Middle,8,7,2,0,1,5,114.29,4.0,7.0,71.43,pace,DC
Gourav Choudhury,Middle,8,8,0,0,0,1,100.0,inf,inf,12.5,pace,
Parth Chandan,Middle,8,7,0,1,0,3,114.29,inf,7.0,42.86,pace,DC
RD Chahar,Middle,8,7,1,1,0,2,114.29,8.0,7.0,28.57,pace,
Sairaj Patil,Middle,8,5,0,1,0,0,160.0,inf,5.0,0.0,pace,KKR
Ashwani Kumar,Death,8,3,0,0,1,0,266.67,inf,3.0,0.0,pace,
M Siddharth,Death,8,8,1,1,0,3,100.0,8.0,8.0,37.5,pace,GT
MJ Santner,Death,8,10,1,0,0,3,80.0,8.0,inf,30.0,pace,
Mustafizur Rahman,Death,8,9,0,0,0,4,88.89,inf,inf,44.44,pace,
RR Patel,Death,8,6,2,0,1,3,133.33,4.0,6.0,50.0,pace,
TU Deshpande,Death,8,13,1,1,0,9,61.54,8.0,13.0,69.23,pace,
Tushar Raheja,Death,8,5,1,1,0,2,160.0,8.0,5.0,40.0,pace,KKR
AGS Gous,PP,7,9,0,1,0,5,77.78,inf,9.0,55.56,spin,LSG
Anmolpreet Singh,PP,7,12,1,1,0,11,58.33,7.0,12.0,91.67,spin,KKR
Babar Azam,PP,7,2,0,1,0,0,350.0,inf,2.0,0.0,spin,
N Wadhera,PP,7,9,0,1,0,6,77.78,inf,9.0,66.67,spin,
R Powell,PP,7,5,1,1,0,3,140.0,7.0,5.0,60.0,spin,
R Ravindra,PP,7,4,1,1,0,3,175.0,7.0,4.0,75.0,spin,
RK Singh,PP,7,6,0,0,0,1,116.67,inf,inf,16.67,spin,PBKS
SO Hetmyer,PP,7,11,1,0,0,4,63.64,7.0,inf,36.36,spin,
Sunny Sandhu,PP,7,8,0,1,0,6,87.5,inf,8.0,75.0,spin,DC
A Sheth,Middle,7,5,1,1,0,2,140.0,7.0,5.0,40.0,spin,
J Suchith,Middle,7,9,0,0,0,3,77.78,inf,inf,33.33,spin,
K Kartikeya,Middle,7,4,0,1,0,1,175.0,inf,4.0,25.0,spin,MI
KS Carlson,Middle,7,5,0,1,0,1,140.0,inf,5.0,20.0,spin,
Mohammed Siraj,Middle,7,4,0,1,0,2,175.0,inf,4.0,50.0,spin,
R Shepherd,Middle,7,14,1,0,0,7,50.0,7.0,inf,50.0,spin,SRH
Siddhesh Veer,Middle,7,8,0,0,0,3,87.5,inf,inf,37.5,spin,MI
V Shankar,Middle,7,4,0,1,0,0,175.0,inf,4.0,0.0,spin,
A Badoni,Death,7,5,1,1,0,1,140.0,7.0,5.0,20.0,spin,SRH
AV Wankhade,Death,7,3,0,0,1,1,233.33,inf,3.0,33.33,spin,
CH Morris,Death,7,5,0,1,0,1,140.0,inf,5.0,20.0,spin,
DJ Bravo,Death,7,3,1,0,1,1,233.33,7.0,3.0,33.33,spin,
JM Bairstow,Death,7,7,1,0,0,1,100.0,7.0,inf,14.29,spin,
M Shahrukh Khan,Death,7,5,1,1,0,2,140.0,7.0,5.0,40.0,spin,
Mustafizur Rahman,Death,7,11,3,0,0,6,63.64,2.33,inf,54.55,spin,
SO Hetmyer,Death,7,9,1,1,0,5,77.78,7.0,9.0,55.56,spin,
Faisal Khan,PP,7,6,1,1,0,4,116.67,7.0,6.0,66.67,pace,
Mukul Choudhary,PP,7,2,0,0,1,0,350.0,inf,2.0,0.0,pace,
N Wadhera,PP,7,7,1,1,0,3,100.0,7.0,7.0,42.86,pace,
Ravi Singh,PP,7,13,0,0,1,11,53.85,inf,13.0,84.62,pace,
SR Watson,PP,7,9,1,0,0,5,77.78,7.0,inf,55.56,pace,
Tanush Kotian,PP,7,2,0,0,1,0,350.0,inf,2.0,0.0,pace,CSK
AS Roy,Middle,7,4,1,0,1,2,175.0,7.0,4.0,50.0,pace,
Abid Mushtaq,Middle,7,5,0,0,1,3,140.0,inf,5.0,60.0,pace,
M Prasidh Krishna,Middle,7,7,0,0,0,2,100.0,inf,inf,28.57,pace,KKR
S Lamichhane,Middle,7,7,1,1,0,5,100.0,7.0,7.0,71.43,pace,MI
VG Arora,Middle,7,11,2,0,0,6,63.64,3.5,inf,54.55,pace,
A Sheth,Death,7,8,1,0,0,3,87.5,7.0,inf,37.5,pace,
Bal Krishna,Death,7,6,0,0,0,0,116.67,inf,inf,0.0,pace,
Harsh Dubey,Death,7,16,0,1,0,12,43.75,inf,16.0,75.0,pace,DC
K Kartikeya,Death,7,4,0,0,0,1,175.0,inf,inf,25.0,pace,MI
K Rabada,Death,7,14,0,0,0,8,50.0,inf,inf,57.14,pace,
Sairaj Patil,Death,7,3,1,0,1,1,233.33,7.0,3.0,33.33,pace,KKR
Sayed Irfan Aftab,Death,7,11,3,0,1,9,63.64,2.33,11.0,81.82,pace,PBKS
Taskin Ahmed,Death,7,4,1,0,1,2,175.0,7.0,4.0,50.0,pace,
D Wiese,PP,6,2,0,0,1,1,300.0,inf,2.0,50.0,spin,KKR
MA Agarwal,PP,6,6,0,0,1,5,100.0,inf,6.0,83.33,spin,
Yashvardhan Dalal,PP,6,9,1,1,0,6,66.67,6.0,9.0,66.67,spin,
J Overton,Middle,6,2,0,0,1,1,300.0,inf,2.0,50.0,spin,RR
Jay Bista,Middle,6,7,0,0,0,2,85.71,inf,inf,28.57,spin,
Mustafizur Rahman,Middle,6,10,0,0,0,6,60.0,inf,inf,60.0,spin,
R Sai Kishore,Middle,6,3,1,0,1,2,200.0,6.0,3.0,66.67,spin,GT
C Connolly,Death,6,5,2,1,0,2,120.0,3.0,5.0,40.0,spin,GT
DL Chahar,Death,6,7,0,1,0,4,85.71,inf,7.0,57.14,spin,
Geet Puri,Death,6,10,1,0,1,9,60.0,6.0,10.0,90.0,spin,CSK
J Anderson,Death,6,4,1,1,0,2,150.0,6.0,4.0,50.0,spin,
KK Ahmed,Death,6,2,0,0,1,1,300.0,inf,2.0,50.0,spin,
NT Ellis,Death,6,9,2,0,0,5,66.67,3.0,inf,55.56,spin,SRH
PN Mankad,Death,6,7,2,0,0,3,85.71,3.0,inf,42.86,spin,
RR Patel,Death,6,9,1,0,0,3,66.67,6.0,inf,33.33,spin,
SU Parakh,Death,6,3,0,1,0,0,200.0,inf,3.0,0.0,spin,SRH
Sachin Baby,Death,6,4,1,0,1,3,150.0,6.0,4.0,75.0,spin,CSK
Sandeep Sharma,Death,6,8,1,0,0,5,75.0,6.0,inf,62.5,spin,
JM Cox,PP,6,7,1,1,0,4,85.71,6.0,7.0,57.14,pace,
LR Chethan,PP,6,3,0,0,1,2,200.0,inf,3.0,66.67,pace,LSG
MG Bracewell,PP,6,3,0,1,0,1,200.0,inf,3.0,33.33,pace,
PN Mankad,PP,6,8,1,0,0,4,75.0,6.0,inf,50.0,pace,
RK Bhui,PP,6,10,1,1,0,8,60.0,6.0,10.0,80.0,pace,
Shakib Al Hasan,PP,6,3,0,0,1,2,200.0,inf,3.0,66.67,pace,
Waseem Muhammad,PP,6,5,0,1,0,2,120.0,inf,5.0,40.0,pace,
AJ Hosein,Middle,6,6,1,1,0,3,100.0,6.0,6.0,50.0,pace,
EA Brookes,Middle,6,8,2,0,0,3,75.0,3.0,inf,37.5,pace,
Fazalhaq Farooqi,Middle,6,16,1,0,0,14,37.5,6.0,inf,87.5,pace,GT
J Suchith,Middle,6,8,1,0,0,3,75.0,6.0,inf,37.5,pace,
Mukesh Kumar,Middle,6,1,0,0,1,0,600.0,inf,1.0,0.0,pace,
Rajvardhan S Hangargekar,Middle,6,3,0,0,0,0,200.0,inf,inf,0.0,pace,
Virat Singh,Middle,6,2,0,0,1,1,300.0,inf,2.0,50.0,pace,
YS Chahal,Middle,6,5,1,1,0,2,120.0,6.0,5.0,40.0,pace,KKR
A Mhatre,Death,6,6,2,1,0,3,100.0,3.0,6.0,50.0,pace,
Ankit Kumar,Death,6,3,1,1,0,1,200.0,6.0,3.0,33.33,pace,
Aryan Juyal,Death,6,1,0,0,1,0,600.0,inf,1.0,0.0,pace,
DL Chahar,Death,6,5,1,1,0,2,120.0,6.0,5.0,40.0,pace,
Easwaran K,Death,6,4,0,0,1,3,150.0,inf,4.0,75.0,pace,DC
I Sharma,Death,6,3,1,0,1,2,200.0,6.0,3.0,66.67,pace,
Krishna Prasad,Death,6,3,0,0,1,2,200.0,inf,3.0,66.67,pace,
M Hemanth Reddy,Death,6,5,0,0,0,1,120.0,inf,inf,20.0,pace,
MADI Hemantha,Death,6,1,0,0,1,0,600.0,inf,1.0,0.0,pace,
Naman Tiwari,Death,6,6,1,1,0,4,100.0,6.0,6.0,66.67,pace,CSK
Ravi Teja,Death,6,23,6,0,0,19,26.09,1.0,inf,82.61,pace,PBKS
SN Thakur,Death,6,1,0,0,1,0,600.0,inf,1.0,0.0,pace,
RK Bhui,PP,5,3,0,1,0,1,166.67,inf,3.0,33.33,spin,
SR Watson,PP,5,6,0,1,0,4,83.33,inf,6.0,66.67,spin,
Shahbaz Ahmed,PP,5,6,1,1,0,5,83.33,5.0,6.0,83.33,spin,KKR
Tanush Kotian,PP,5,5,0,1,0,3,100.0,inf,5.0,60.0,spin,CSK
Abid Mushtaq,Middle,5,4,0,0,0,1,125.0,inf,inf,25.0,spin,
M Pathirana,Middle,5,4,1,1,0,2,125.0,5.0,4.0,50.0,spin,CSK
Naveen-ul-Haq,Middle,5,5,1,1,0,3,100.0,5.0,5.0,60.0,spin,
PN Mankad,Middle,5,9,0,0,0,4,55.56,inf,inf,44.44,spin,
Pulkit Narang,Middle,5,3,0,1,0,1,166.67,inf,3.0,33.33,spin,KKR
A Sheth,Death,5,3,0,1,0,2,166.67,inf,3.0,66.67,spin,
HR Shokeen,Death,5,4,0,1,0,2,125.0,inf,4.0,50.0,spin,
Saim Ayub,Death,5,5,0,1,0,3,100.0,inf,5.0,60.0,spin,
Waqar Salamkheil,Death,5,10,0,0,0,6,50.0,inf,inf,60.0,spin,
Yash Thakur,Death,5,6,0,0,0,1,83.33,inf,inf,16.67,spin,
Jay Gohil,PP,5,2,0,1,0,0,250.0,inf,2.0,0.0,pace,MI
Sachin Baby,PP,5,6,1,0,0,2,83.33,5.0,inf,33.33,pace,CSK
Siddhesh Veer,PP,5,2,0,0,0,0,250.0,inf,inf,0.0,pace,MI
YK Pathan,PP,5,12,0,1,0,10,41.67,inf,12.0,83.33,pace,
AV Wankhade,Middle,5,8,1,0,0,4,62.5,5.0,inf,50.0,pace,
DW Lawrence,Middle,5,10,0,0,0,5,50.0,inf,inf,50.0,pace,
Harsh Tyagi,Middle,5,4,1,0,0,1,125.0,5.0,inf,25.0,pace,
Jay Bista,Middle,5,7,0,0,0,2,71.43,inf,inf,28.57,pace,
M Pathirana,Middle,5,12,1,0,0,8,41.67,5.0,inf,66.67,pace,CSK
MP Yadav,Middle,5,13,1,1,0,11,38.46,5.0,13.0,84.62,pace,KKR
R Sai Kishore,Middle,5,5,0,0,0,1,100.0,inf,inf,20.0,pace,GT
Rasikh Salam,Middle,5,7,1,0,0,4,71.43,5.0,inf,57.14,pace,SRH
SH Johnson,Middle,5,4,0,1,0,3,125.0,inf,4.0,75.0,pace,KKR
Samant Jakhar,Middle,5,6,1,0,0,2,83.33,5.0,inf,33.33,pace,
Swapnil Singh,Middle,5,6,1,0,0,2,83.33,5.0,inf,33.33,pace,
Anmol Malhotra,Death,5,3,1,1,0,2,166.67,5.0,3.0,66.67,pace,
H Ssenyondo,Death,5,4,0,1,0,2,125.0,inf,4.0,50.0,pace,LSG
JD Unadkat,Death,5,3,0,1,0,1,166.67,inf,3.0,33.33,pace,
MA Wood,Death,5,6,1,0,0,2,83.33,5.0,inf,33.33,pace,KKR
Saim Ayub,Death,5,4,2,1,0,2,125.0,2.5,4.0,50.0,pace,
TL Seifert,Death,5,6,2,0,0,3,83.33,2.5,inf,50.0,pace,PBKS
Tanay Thyagarajan,Death,5,8,2,1,0,6,62.5,2.5,8.0,75.0,pace,CSK
AD Russell,PP,4,2,0,1,0,1,200.0,inf,2.0,50.0,spin,DC
Kumar Kushagra,PP,4,9,0,0,0,6,44.44,inf,inf,66.67,spin,RR
MG Bracewell,PP,4,4,2,1,0,3,100.0,2.0,4.0,75.0,spin,
RA Jadeja,PP,4,1,0,1,0,0,400.0,inf,1.0,0.0,spin,CSK
SR Dickson,PP,4,3,0,1,0,2,133.33,inf,3.0,66.67,spin,
Samant Jakhar,PP,4,4,0,1,0,3,100.0,inf,4.0,75.0,spin,
Aryan Juyal,Middle,4,10,2,0,0,7,40.0,2.0,inf,70.0,spin,
EA Brookes,Middle,4,5,1,0,0,1,80.0,4.0,inf,20.0,spin,
Harsh Dubey,Middle,4,18,3,0,0,15,22.22,1.33,inf,83.33,spin,DC
N Jagadeesan,Middle,4,2,1,1,0,1,200.0,4.0,2.0,50.0,spin,
NT Ellis,Middle,4,28,2,0,0,24,14.29,2.0,inf,85.71,spin,SRH
Rajvardhan S Hangargekar,Middle,4,3,0,0,0,2,133.33,inf,inf,66.67,spin,
Shashwat Rawat,Middle,4,9,3,0,0,6,44.44,1.33,inf,66.67,spin,
Yuvraj Chaudhary,Middle,4,4,0,0,0,2,100.0,inf,inf,50.0,spin,
Yuvraj Singh,Middle,4,4,0,0,0,2,100.0,inf,inf,50.0,spin,
A Mishra,Death,4,2,1,1,0,1,200.0,4.0,2.0,50.0,spin,
Harsh Tyagi,Death,4,8,1,0,0,4,50.0,4.0,inf,50.0,spin,
JA Duffy,Death,4,4,2,0,0,2,100.0,2.0,inf,50.0,spin,LSG
Kranthi Kumar,Death,4,4,0,1,0,3,100.0,inf,4.0,75.0,spin,CSK
M Jansen,Death,4,11,2,0,0,9,36.36,2.0,inf,81.82,spin,
M Pathirana,Death,4,12,2,0,0,8,33.33,2.0,inf,66.67,spin,CSK
Shivam Shukla,Death,4,3,1,1,0,2,133.33,4.0,3.0,66.67,spin,MI
Vraj Patel,Death,4,9,0,0,0,6,44.44,inf,inf,66.67,spin,
AD Russell,PP,4,6,2,0,0,4,66.67,2.0,inf,66.67,pace,DC
D Ferreira,PP,4,4,2,1,0,3,100.0,2.0,4.0,75.0,pace,
JJ Smit,PP,4,2,1,1,0,1,200.0,4.0,2.0,50.0,pace,PBKS
AR Ramjani,Middle,4,4,1,0,0,2,100.0,4.0,inf,50.0,pace,PBKS
Ashwin Das,Middle,4,2,1,1,0,1,200.0,4.0,2.0,50.0,pace,LSG
D Visser,Middle,4,3,1,0,0,2,133.33,4.0,inf,66.67,pace,
Darshan Misal,Middle,4,8,2,0,0,6,50.0,2.0,inf,75.0,pace,
Jaskaran Singh,Middle,4,9,0,0,0,6,44.44,inf,inf,66.67,pace,
Mayank Rawat,Middle,4,9,1,0,0,5,44.44,4.0,inf,55.56,pace,
Rishabh Chouhan,Middle,4,7,1,0,0,3,57.14,4.0,inf,42.86,pace,GT
T Dahiya,Middle,4,3,0,0,0,0,133.33,inf,inf,0.0,pace,LSG
Abid Mushtaq,Death,4,4,0,0,0,0,100.0,inf,inf,0.0,pace,
DJ Willey,Death,4,3,0,1,0,2,133.33,inf,3.0,66.67,pace,
Geet Puri,Death,4,7,3,0,0,4,57.14,1.33,inf,57.14,pace,CSK
Kranthi Kumar,Death,4,1,0,1,0,0,400.0,inf,1.0,0.0,pace,CSK
PP Chawla,Death,4,5,1,1,0,4,80.0,4.0,5.0,80.0,pace,
Prashant Solanki,Death,4,5,0,1,0,4,80.0,inf,5.0,80.0,pace,CSK
Praveen Dubey,Death,4,1,0,1,0,0,400.0,inf,1.0,0.0,pace,MI
S Lamichhane,Death,4,5,2,1,0,4,80.0,2.0,5.0,80.0,pace,MI
SZ Mulani,Death,4,9,1,0,0,5,44.44,4.0,inf,55.56,pace,
Samarth Vyas,Death,4,6,2,0,0,3,66.67,2.0,inf,50.0,pace,
Usman Tariq,Death,4,4,1,1,0,3,100.0,4.0,4.0,75.0,pace,
Aman Rao,PP,3,2,1,0,0,1,150.0,3.0,inf,50.0,spin,
TB Robinson,PP,3,6,0,0,0,3,50.0,inf,inf,50.0,spin,
AGS Gous,Middle,3,3,0,0,0,0,100.0,inf,inf,0.0,spin,LSG
Arslan Khan,Middle,3,6,2,0,0,3,50.0,1.5,inf,50.0,spin,
DAJ Bracewell,Middle,3,5,0,0,0,3,60.0,inf,inf,60.0,spin,
Gourav Choudhury,Middle,3,5,2,0,0,2,60.0,1.5,inf,40.0,spin,
Harsh Tyagi,Middle,3,7,2,0,0,4,42.86,1.5,inf,57.14,spin,
JJ Bumrah,Middle,3,3,1,0,0,1,100.0,3.0,inf,33.33,spin,DC
KA Maharaj,Middle,3,22,2,0,0,20,13.64,1.5,inf,90.91,spin,RCB
M Theekshana,Middle,3,7,0,0,0,5,42.86,inf,inf,71.43,spin,
Mohammed Shami,Middle,3,2,1,0,0,1,150.0,3.0,inf,50.0,spin,MI
RD Chahar,Middle,3,2,0,0,0,0,150.0,inf,inf,0.0,spin,
S Gill,Middle,3,3,0,0,0,1,100.0,inf,inf,33.33,spin,RCB
Sandeep Sharma,Middle,3,3,0,0,0,0,100.0,inf,inf,0.0,spin,
Virat Singh,Middle,3,2,1,0,0,1,150.0,3.0,inf,50.0,spin,
Zeeshan Ansari,Middle,3,5,0,0,0,2,60.0,inf,inf,40.0,spin,RR
DA Warner,Death,3,3,0,0,0,0,100.0,inf,inf,0.0,spin,
Ishaan Gadekar,Death,3,3,0,0,0,0,100.0,inf,inf,0.0,spin,
RA Jadeja,PP,3,3,1,0,0,2,100.0,3.0,inf,66.67,pace,CSK
AJ Turner,Middle,3,7,1,0,0,5,42.86,3.0,inf,71.43,pace,
Akhil Singh Rawat,Middle,3,3,0,0,0,0,100.0,inf,inf,0.0,pace,KKR
Anand Bais,Middle,3,6,0,0,0,3,50.0,inf,inf,50.0,pace,DC
Arshdeep Singh,Middle,3,8,1,0,0,5,37.5,3.0,inf,62.5,pace,LSG
HR Shokeen,Middle,3,4,0,0,0,1,75.0,inf,inf,25.0,pace,
J Overton,Middle,3,9,0,0,0,6,33.33,inf,inf,66.67,pace,RR
KA Maharaj,Middle,3,14,1,0,0,11,21.43,3.0,inf,78.57,pace,RCB
Kuldeep Yadav,Middle,3,3,0,0,0,2,100.0,inf,inf,66.67,pace,LSG
MADI Hemantha,Middle,3,2,0,0,0,2,150.0,inf,inf,100.0,pace,
Mustafizur Rahman,Middle,3,3,0,0,0,0,100.0,inf,inf,0.0,pace,
Parvej Musaraf,Middle,3,8,2,0,0,5,37.5,1.5,inf,62.5,pace,
RE van der Merwe,Middle,3,4,0,0,0,1,75.0,inf,inf,25.0,pace,CSK
SN Thakur,Middle,3,2,0,0,0,1,150.0,inf,inf,50.0,pace,
AJ Hosein,Death,3,6,2,0,0,3,50.0,1.5,inf,50.0,pace,
CJ Jordan,Death,3,7,1,0,0,4,42.86,3.0,inf,57.14,pace,
Prashant Veer,Death,3,2,0,0,0,1,150.0,inf,inf,50.0,pace,PBKS
Rohan Kunnummal,Death,3,3,1,0,0,1,100.0,3.0,inf,33.33,pace,MI
SU Parakh,Death,3,5,1,0,0,2,60.0,3.0,inf,40.0,pace,SRH
Sachin Baby,Death,3,3,0,0,0,0,100.0,inf,inf,0.0,pace,CSK
T Dahiya,Death,3,4,1,0,0,1,75.0,3.0,inf,25.0,pace,LSG
Chirag Jani,PP,2,5,0,0,0,3,40.0,inf,inf,60.0,spin,RCB
A Zampa,Middle,2,7,2,0,0,6,28.57,1.0,inf,85.71,spin,SRH
Akshay Karnewar,Middle,2,5,0,0,0,3,40.0,inf,inf,60.0,spin,
Arshdeep Singh,Middle,2,4,0,0,0,2,50.0,inf,inf,50.0,spin,LSG
Gurnoor Brar,Middle,2,3,1,0,0,2,66.67,2.0,inf,66.67,spin,DC
H Ssenyondo,Middle,2,3,0,0,0,2,66.67,inf,inf,66.67,spin,LSG
HR Shokeen,Middle,2,4,0,0,0,2,50.0,inf,inf,50.0,spin,
Harnoor Singh,Middle,2,4,1,0,0,2,50.0,2.0,inf,50.0,spin,RCB
Imran Tahir,Middle,2,6,1,0,0,4,33.33,2.0,inf,66.67,spin,KKR
Jaskaran Singh,Middle,2,2,0,0,0,0,100.0,inf,inf,0.0,spin,
K Gowtham,Middle,2,2,0,0,0,0,100.0,inf,inf,0.0,spin,
Kaleem Sana,Middle,2,8,0,0,0,7,25.0,inf,inf,87.5,spin,
SH Johnson,Middle,2,2,0,0,0,0,100.0,inf,inf,0.0,spin,KKR
SS Prabhudessai,Middle,2,4,1,0,0,2,50.0,2.0,inf,50.0,spin,
Suyash Sharma,Middle,2,4,0,0,0,3,50.0,inf,inf,75.0,spin,
TA Boult,Middle,2,3,0,0,0,1,66.67,inf,inf,33.33,spin,
Abid Mushtaq,Death,2,2,0,0,0,0,100.0,inf,inf,0.0,spin,
BA Stokes,Death,2,3,0,0,0,1,66.67,inf,inf,33.33,spin,
Cheepurapalli Stephen,Death,2,4,1,0,0,3,50.0,2.0,inf,75.0,spin,RR
Kunal Chandela,Death,2,3,1,0,0,1,66.67,2.0,inf,33.33,spin,
LH Ferguson,Death,2,3,0,0,0,1,66.67,inf,inf,33.33,spin,
MS Chapman,Death,2,3,1,0,0,1,66.67,2.0,inf,33.33,spin,
PP Chawla,Death,2,2,0,0,0,0,100.0,inf,inf,0.0,spin,
Rajvardhan S Hangargekar,Death,2,3,1,0,0,2,66.67,2.0,inf,66.67,spin,
Tushar Raheja,Death,2,2,0,0,0,0,100.0,inf,inf,0.0,spin,KKR
Mayank Rawat,PP,2,2,0,0,0,1,100.0,inf,inf,50.0,pace,
Shaheen Shah Afridi,PP,2,4,0,0,0,3,50.0,inf,inf,75.0,pace,DC
A Manohar,Middle,2,3,0,0,0,1,66.67,inf,inf,33.33,pace,RCB
Akhil Scaria,Middle,2,7,2,0,0,5,28.57,1.0,inf,71.43,pace,GT
Atharva Ankolekar,Middle,2,4,0,0,0,2,50.0,inf,inf,50.0,pace,RR
Esakkimuthu A,Middle,2,5,1,0,0,3,40.0,2.0,inf,60.0,pace,
KS Carlson,Middle,2,3,1,0,0,1,66.67,2.0,inf,33.33,pace,
Kaleem Sana,Middle,2,3,0,0,0,1,66.67,inf,inf,33.33,pace,
M Markande,Middle,2,4,0,0,0,2,50.0,inf,inf,50.0,pace,SRH
M Poiyamozhi,Middle,2,1,0,0,0,0,200.0,inf,inf,0.0,pace,
S Gill,Middle,2,5,0,0,0,3,40.0,inf,inf,60.0,pace,RCB
Sachin Baby,Middle,2,3,0,0,0,1,66.67,inf,inf,33.33,pace,CSK
Sami Sohail,Middle,2,2,0,0,0,0,100.0,inf,inf,0.0,pace,
TB Robinson,Middle,2,2,0,0,0,0,100.0,inf,inf,0.0,pace,
V Shankar,Middle,2,3,0,0,0,1,66.67,inf,inf,33.33,pace,
Yash Thakur,Middle,2,3,0,0,0,1,66.67,inf,inf,33.33,pace,
Abhilash Shetty,Death,2,5,0,0,0,3,40.0,inf,inf,60.0,pace,MI
Abrar Ahmed,Death,2,2,0,0,0,0,100.0,inf,inf,0.0,pace,
DS Rathi,Death,2,12,4,0,0,10,16.67,0.5,inf,83.33,pace,LSG
J Miyaji,Death,2,9,0,0,0,8,22.22,inf,inf,88.89,pace,
K Gowtham,Death,2,3,0,0,0,1,66.67,inf,inf,33.33,pace,
L Ngidi,Death,2,4,0,0,0,3,50.0,inf,inf,75.0,pace,RR
Manvanth Kumar L,Death,2,3,2,0,0,2,66.67,1.0,inf,66.67,pace,
S Gill,Death,2,7,1,0,0,5,28.57,2.0,inf,71.43,pace,RCB
Shashwat Dangwal,Death,2,2,1,0,0,1,100.0,2.0,inf,50.0,pace,
V Shankar,Death,2,5,1,0,0,3,40.0,2.0,inf,60.0,pace,
Vidyadhar Patil,Death,2,1,0,0,0,0,200.0,inf,inf,0.0,pace,SRH
Bilal Zalmai,PP,1,2,0,0,0,1,50.0,inf,inf,50.0,spin,
D Ferreira,PP,1,5,1,0,0,4,20.0,1.0,inf,80.0,spin,
DS Airee,PP,1,2,0,0,0,1,50.0,inf,inf,50.0,spin,DC
Faisal Khan,PP,1,3,0,0,0,3,33.33,inf,inf,100.0,spin,
KD Karthik,PP,1,2,0,0,0,1,50.0,inf,inf,50.0,spin,
Khushdil Shah,PP,1,4,0,0,0,3,25.0,inf,inf,75.0,spin,
Kunal Chandela,PP,1,10,1,0,0,9,10.0,1.0,inf,90.0,spin,
M Shahrukh Khan,PP,1,2,0,0,0,2,50.0,inf,inf,100.0,spin,
T Banton,PP,1,1,0,0,0,0,100.0,inf,inf,0.0,spin,
YV Dhull,PP,1,4,1,0,0,3,25.0,1.0,inf,75.0,spin,
AS Roy,Middle,1,1,0,0,0,0,100.0,inf,inf,0.0,spin,
Avesh Khan,Middle,1,2,1,0,0,1,50.0,1.0,inf,50.0,spin,LSG
D Forrester,Middle,1,2,1,0,0,1,50.0,1.0,inf,50.0,spin,MI
Darshan Misal,Middle,1,1,0,0,0,0,100.0,inf,inf,0.0,spin,
HJ Manenti,Middle,1,3,1,0,0,2,33.33,1.0,inf,66.67,spin,RCB
Mohammad Ghazanfar,Middle,1,10,3,0,0,9,10.0,0.33,inf,90.0,spin,RR
Mukul Choudhary,Middle,1,3,1,0,0,2,33.33,1.0,inf,66.67,spin,
RE van der Merwe,Middle,1,4,1,0,0,3,25.0,1.0,inf,75.0,spin,CSK
SPD Smith,Middle,1,4,1,0,0,3,25.0,1.0,inf,75.0,spin,
Shubhang Hegde,Middle,1,6,0,0,0,5,16.67,inf,inf,83.33,spin,LSG
TU Deshpande,Middle,1,2,1,0,0,1,50.0,1.0,inf,50.0,spin,
Tanay Thyagarajan,Middle,1,6,1,0,0,5,16.67,1.0,inf,83.33,spin,CSK
Abrar Ahmed,Death,1,2,0,0,0,1,50.0,inf,inf,50.0,spin,
Hemang Patel,Death,1,2,0,0,0,2,50.0,inf,inf,100.0,spin,
JO Holder,Death,1,1,0,0,0,0,100.0,inf,inf,0.0,spin,
KV Sharma,Death,1,2,1,0,0,1,50.0,1.0,inf,50.0,spin,
Kumar Kushagra,Death,1,3,2,0,0,2,33.33,0.5,inf,66.67,spin,RR
MR Adair,Death,1,1,0,0,0,0,100.0,inf,inf,0.0,spin,
MW Short,Death,1,2,1,0,0,1,50.0,1.0,inf,50.0,spin,MI
OEG Baartman,Death,1,1,0,0,0,0,100.0,inf,inf,0.0,spin,
Prince Yadav,Death,1,3,0,0,0,2,33.33,inf,inf,66.67,spin,GT
Prithviraj Shekhawat,Death,1,2,0,0,0,1,50.0,inf,inf,50.0,spin,
SN Thakur,Death,1,4,2,0,0,4,25.0,0.5,inf,100.0,spin,
SS Agarwal,Death,1,1,0,0,0,0,100.0,inf,inf,0.0,spin,
Shashwat Dangwal,Death,1,2,1,0,0,1,50.0,1.0,inf,50.0,spin,
VG Arora,Death,1,3,0,0,0,2,33.33,inf,inf,66.67,spin,
Aryan Juyal,PP,1,2,0,0,0,1,50.0,inf,inf,50.0,pace,
Darshan Misal,PP,1,3,0,0,0,2,33.33,inf,inf,66.67,pace,
JR Hazlewood,PP,1,2,0,0,0,1,50.0,inf,inf,50.0,pace,MI
M Jansen,PP,1,2,1,0,0,1,50.0,1.0,inf,50.0,pace,
MG Erasmus,PP,1,1,0,0,0,0,100.0,inf,inf,0.0,pace,
SE Rutherford,PP,1,1,0,0,0,0,100.0,inf,inf,0.0,pace,
Sunny Sandhu,PP,1,2,0,0,0,1,50.0,inf,inf,50.0,pace,DC
V Nigam,PP,1,2,0,0,0,1,50.0,inf,inf,50.0,pace,GT
AM Hardie,Middle,1,4,0,0,0,3,25.0,inf,inf,75.0,pace,CSK
Aman Bhadoriya,Middle,1,3,0,0,0,2,33.33,inf,inf,66.67,pace,
Ashwani Kumar,Middle,1,3,2,0,0,2,33.33,0.5,inf,66.67,pace,
B Kumar,Middle,1,2,0,0,0,1,50.0,inf,inf,50.0,pace,KKR
C Sakariya,Middle,1,7,1,0,0,6,14.29,1.0,inf,85.71,pace,RR
DJ Bravo,Middle,1,2,0,0,0,1,50.0,inf,inf,50.0,pace,
Harshit Rana,Middle,1,5,0,0,0,4,20.0,inf,inf,80.0,pace,
JO Holder,Middle,1,2,1,0,0,1,50.0,1.0,inf,50.0,pace,
KK Ahmed,Middle,1,2,0,0,0,1,50.0,inf,inf,50.0,pace,
KV Sharma,Middle,1,1,0,0,0,0,100.0,inf,inf,0.0,pace,
Karan Lal,Middle,1,3,1,0,0,2,33.33,1.0,inf,66.67,pace,RR
Khrievitso Kense,Middle,1,4,1,0,0,3,25.0,1.0,inf,75.0,pace,
LH Ferguson,Middle,1,2,0,0,0,1,50.0,inf,inf,50.0,pace,
M Siddharth,Middle,1,3,1,0,0,3,33.33,1.0,inf,100.0,pace,GT
Mohammad Ghazanfar,Middle,1,3,0,0,0,2,33.33,inf,inf,66.67,pace,RR
R Shepherd,Middle,1,7,2,0,0,6,14.29,0.5,inf,85.71,pace,SRH
Ravi Teja,Middle,1,5,0,0,0,4,20.0,inf,inf,80.0,pace,PBKS
Sandeep Sharma,Middle,1,1,0,0,0,0,100.0,inf,inf,0.0,pace,
Shakib Al Hasan,Middle,1,2,0,0,0,1,50.0,inf,inf,50.0,pace,
Babar Azam,Death,1,4,3,0,0,3,25.0,0.33,inf,75.0,pace,
C Connolly,Death,1,2,0,0,0,1,50.0,inf,inf,50.0,pace,GT
Harsh Tyagi,Death,1,4,0,0,0,4,25.0,inf,inf,100.0,pace,
JL Smith,Death,1,2,1,0,0,1,50.0,1.0,inf,50.0,pace,
M Markande,Death,1,1,0,0,0,0,100.0,inf,inf,0.0,pace,SRH
M Poiyamozhi,Death,1,2,1,0,0,1,50.0,1.0,inf,50.0,pace,
Mayank Rawat,Death,1,4,1,0,0,3,25.0,1.0,inf,75.0,pace,
PN Mankad,Death,1,2,1,0,0,1,50.0,1.0,inf,50.0,pace,
Prithviraj Shekhawat,Death,1,3,0,0,0,2,33.33,inf,inf,66.67,pace,
SR Hain,Death,1,3,1,0,0,2,33.33,1.0,inf,66.67,pace,
Samant Jakhar,Death,1,3,2,0,0,2,33.33,0.5,inf,66.67,pace,
V Puthur,Death,1,4,2,0,0,3,25.0,0.5,inf,75.0,pace,RCB
DA Miller,PP,0,4,0,0,0,4,0.0,,inf,100.0,spin,
Gourav Choudhury,PP,0,1,0,0,0,1,0.0,,inf,100.0,spin,
Harpreet Brar,PP,0,1,0,0,0,1,0.0,,inf,100.0,spin,
JN Loftie-Eaton,PP,0,2,1,0,0,2,0.0,0.0,inf,100.0,spin,
MM Ali,PP,0,1,0,0,0,1,0.0,,inf,100.0,spin,
Sonu Yadav,PP,0,3,0,0,0,3,0.0,,inf,100.0,spin,CSK
VS Halambage,PP,0,3,1,0,0,3,0.0,0.0,inf,100.0,spin,
Washington Sundar,PP,0,3,0,0,0,3,0.0,,inf,100.0,spin,RCB
A Johnson,Middle,0,2,1,0,0,2,0.0,0.0,inf,100.0,spin,
A Kamboj,Middle,0,1,1,0,0,1,0.0,0.0,inf,100.0,spin,
A Nagwaswalla,Middle,0,3,1,0,0,3,0.0,0.0,inf,100.0,spin,RR
Aman Bhadoriya,Middle,0,1,1,0,0,1,0.0,0.0,inf,100.0,spin,
DS Rathi,Middle,0,1,0,0,0,1,0.0,,inf,100.0,spin,LSG
Ehsan Khan,Middle,0,7,0,0,0,7,0.0,,inf,100.0,spin,CSK
JO Holder,Middle,0,1,1,0,0,1,0.0,0.0,inf,100.0,spin,
KV Sharma,Middle,0,2,0,0,0,2,0.0,,inf,100.0,spin,
MS Bhandage,Middle,0,3,0,0,0,3,0.0,,inf,100.0,spin,PBKS
Mayank Dagar,Middle,0,2,0,0,0,2,0.0,,inf,100.0,spin,DC
Mayank Rawat,Middle,0,5,0,0,0,5,0.0,,inf,100.0,spin,
Noor Ahmad,Middle,0,9,1,0,0,9,0.0,0.0,inf,100.0,spin,KKR
Ravi Teja,Middle,0,1,1,0,0,1,0.0,0.0,inf,100.0,spin,PBKS
Yash Singh,Middle,0,1,0,0,0,1,0.0,,inf,100.0,spin,RCB
A Nagwaswalla,Death,0,3,0,0,0,3,0.0,,inf,100.0,spin,RR
AU Rashid,Death,0,1,1,0,0,1,0.0,0.0,inf,100.0,spin,
Akash Deep,Death,0,1,0,0,0,1,0.0,,inf,100.0,spin,
Akshya Deka,Death,0,1,1,0,0,1,0.0,0.0,inf,100.0,spin,MI
Ashwin Shelke,Death,0,1,0,0,0,1,0.0,,inf,100.0,spin,DC
DA Payne,Death,0,2,1,0,0,2,0.0,0.0,inf,100.0,spin,
DG Nalkande,Death,0,2,0,0,0,2,0.0,,inf,100.0,spin,
DJ Willey,Death,0,1,1,0,0,1,0.0,0.0,inf,100.0,spin,
Gurnoor Brar,Death,0,2,2,0,0,2,0.0,0.0,inf,100.0,spin,DC
HC Brook,Death,0,1,1,0,0,1,0.0,0.0,inf,100.0,spin,GT
HJ Manenti,Death,0,6,2,0,0,6,0.0,0.0,inf,100.0,spin,RCB
MJ Suthar,Death,0,1,0,0,0,1,0.0,,inf,100.0,spin,
MS Pepper,Death,0,1,0,0,0,1,0.0,,inf,100.0,spin,
Manvanth Kumar L,Death,0,1,1,0,0,1,0.0,0.0,inf,100.0,spin,
Mohammed Siraj,Death,0,2,2,0,0,2,0.0,0.0,inf,100.0,spin,
Mohit Redkar,Death,0,1,0,0,0,1,0.0,,inf,100.0,spin,
Mukesh Kumar,Death,0,4,1,0,0,4,0.0,0.0,inf,100.0,spin,
Prashant Solanki,Death,0,8,1,0,0,8,0.0,0.0,inf,100.0,spin,CSK
Ravi Teja,Death,0,1,1,0,0,1,0.0,0.0,inf,100.0,spin,PBKS
SE Rutherford,Death,0,1,1,0,0,1,0.0,0.0,inf,100.0,spin,
SO Ngoche,Death,0,1,1,0,0,1,0.0,0.0,inf,100.0,spin,KKR
Sayed Irfan Aftab,Death,0,3,0,0,0,3,0.0,,inf,100.0,spin,PBKS
Shivank Vashisth,Death,0,1,0,0,0,1,0.0,,inf,100.0,spin,
TL Seifert,Death,0,2,2,0,0,2,0.0,0.0,inf,100.0,spin,PBKS
TU Deshpande,Death,0,2,1,0,0,2,0.0,0.0,inf,100.0,spin,
Tripuresh Singh,Death,0,3,0,0,0,3,0.0,,inf,100.0,spin,SRH
Usman Tariq,Death,0,1,0,0,0,1,0.0,,inf,100.0,spin,
V Shankar,Death,0,3,1,0,0,3,0.0,0.0,inf,100.0,spin,
Yash Raj Punja,Death,0,1,1,0,0,1,0.0,0.0,inf,100.0,spin,
Zeeshan Ansari,Death,0,1,1,0,0,1,0.0,0.0,inf,100.0,spin,RR
D Visser,PP,0,1,1,0,0,1,0.0,0.0,inf,100.0,pace,
D Wiese,PP,0,2,1,0,0,3,0.0,0.0,inf,150.0,pace,KKR
DJ Bravo,PP,0,1,1,0,0,1,0.0,0.0,inf,100.0,pace,
DW Lawrence,PP,0,2,1,0,0,2,0.0,0.0,inf,100.0,pace,
MA Agarwal,PP,0,1,1,0,0,1,0.0,0.0,inf,100.0,pace,
MM Ali,PP,0,5,1,0,0,5,0.0,0.0,inf,100.0,pace,
NA Rathva,PP,0,2,1,0,0,3,0.0,0.0,inf,150.0,pace,
Parth Chandan,PP,0,2,0,0,0,2,0.0,,inf,100.0,pace,DC
R Ravindra,PP,0,3,0,0,0,3,0.0,,inf,100.0,pace,
TA Boult,PP,0,1,1,0,0,1,0.0,0.0,inf,100.0,pace,
VS Halambage,PP,0,3,0,0,0,3,0.0,,inf,100.0,pace,
YV Dhull,PP,0,2,0,0,0,2,0.0,,inf,100.0,pace,
A Kamboj,Middle,0,1,0,0,0,1,0.0,,inf,100.0,pace,
Abrar Ahmed,Middle,0,1,1,0,0,1,0.0,0.0,inf,100.0,pace,
Akash Pawar,Middle,0,1,0,0,0,1,0.0,,inf,100.0,pace,
B Indrajith,Middle,0,2,0,0,0,2,0.0,,inf,100.0,pace,
CV Varun,Middle,0,1,0,0,0,1,0.0,,inf,100.0,pace,PBKS
Cheepurapalli Stephen,Middle,0,2,2,0,0,2,0.0,0.0,inf,100.0,pace,RR
H Ssenyondo,Middle,0,1,1,0,0,1,0.0,0.0,inf,100.0,pace,LSG
HTRY Thornton,Middle,0,1,1,0,0,1,0.0,0.0,inf,100.0,pace,
J Miyaji,Middle,0,1,0,0,0,1,0.0,,inf,100.0,pace,
K L Shrijith,Middle,0,1,1,0,0,1,0.0,0.0,inf,100.0,pace,PBKS
M Theekshana,Middle,0,1,1,0,0,1,0.0,0.0,inf,100.0,pace,
Mohammed Shami,Middle,0,5,1,0,0,5,0.0,0.0,inf,100.0,pace,MI
Naveen-ul-Haq,Middle,0,1,0,0,0,1,0.0,,inf,100.0,pace,
Noor Ahmad,Middle,0,1,1,0,0,1,0.0,0.0,inf,100.0,pace,KKR
Pardeep Yadav,Middle,0,2,1,0,0,2,0.0,0.0,inf,100.0,pace,
R Minz,Middle,0,1,1,0,0,1,0.0,0.0,inf,100.0,pace,
Ravi Bishnoi,Middle,0,4,0,0,0,4,0.0,,inf,100.0,pace,SRH
Sumit Kumar,Middle,0,4,0,0,0,4,0.0,,inf,100.0,pace,
Zeeshan Ansari,Middle,0,7,1,0,0,7,0.0,0.0,inf,100.0,pace,RR
Abhishek Prabhakar,Death,0,1,1,0,0,1,0.0,0.0,inf,100.0,pace,
Ashwin Shelke,Death,0,2,1,0,0,2,0.0,0.0,inf,100.0,pace,DC
B Indrajith,Death,0,1,1,0,0,1,0.0,0.0,inf,100.0,pace,
B Muzarabani,Death,0,3,1,0,0,3,0.0,0.0,inf,100.0,pace,GT
CV Milind,Death,0,1,0,0,0,1,0.0,,inf,100.0,pace,PBKS
Cheepurapalli Stephen,Death,0,4,2,0,0,4,0.0,0.0,inf,100.0,pace,RR
DA Payne,Death,0,1,1,0,0,1,0.0,0.0,inf,100.0,pace,
DG Nalkande,Death,0,1,1,0,0,1,0.0,0.0,inf,100.0,pace,
G Sai Venkata Sumith,Death,0,1,1,0,0,1,0.0,0.0,inf,100.0,pace,
Imran Tahir,Death,0,2,0,0,0,2,0.0,,inf,100.0,pace,KKR
Ishaan Gadekar,Death,0,1,1,0,0,1,0.0,0.0,inf,100.0,pace,
JA Duffy,Death,0,1,1,0,0,1,0.0,0.0,inf,100.0,pace,LSG
Junaid Siddique,Death,0,3,3,0,0,3,0.0,0.0,inf,100.0,pace,RR
KR Sen,Death,0,3,1,0,0,3,0.0,0.0,inf,100.0,pace,
Kaleem Sana,Death,0,1,1,0,0,1,0.0,0.0,inf,100.0,pace,
Khrievitso Kense,Death,0,1,1,0,0,1,0.0,0.0,inf,100.0,pace,
Khushdil Shah,Death,0,1,1,0,0,1,0.0,0.0,inf,100.0,pace,
LUVNITH SISODIA,Death,0,1,1,0,0,1,0.0,0.0,inf,100.0,pace,
Mohammad Amir,Death,0,2,1,0,0,2,0.0,0.0,inf,100.0,pace,LSG
Mohit Redkar,Death,0,2,2,0,0,2,0.0,0.0,inf,100.0,pace,
Mujeeb Ur Rahman,Death,0,2,1,0,0,2,0.0,0.0,inf,100.0,pace,
S Gopal,Death,0,4,1,0,0,4,0.0,0.0,inf,100.0,pace,
SO Ngoche,Death,0,3,0,0,0,3,0.0,,inf,100.0,pace,KKR
Sunil Kumar,Death,0,1,1,0,0,1,0.0,0.0,inf,100.0,pace,MI
Yash Dayal,Death,0,1,1,0,0,1,0.0,0.0,inf,100.0,pace,
Yash Raj Punja,Death,0,2,1,0,0,2,0.0,0.0,inf,100.0,pace,
Zeeshan Ansari,Death,0,1,1,0,0,1,0.0,0.0,inf,100.0,pace,RR
