team,matches_played,points,#Won,#Lost,NRR
MI,14,18,9,5,0.308016
RCB,14,18,9,5,0.229416
KKR,14,16,7,5,0.137663777
LSG,14,16,8,6,-0.146205821
PBKS,14,15,7,6,-0.079921516
CSK,14,14,7,7,0.419437908
GT,14,12,6,8,-0.131228568
SRH,14,12,6,8,-0.642601515
DC,14,10,5,9,0.005743699
RR,14,9,4,9,-0.032228458