team,matches_played,points,#Won,#Lost,NRR
CSK,14,20,10,4,0.8768450027526145
PBKS,14,18,9,5,0.9175783954673892
SRH,14,16,8,6,0.311832684336137
LSG,14,16,8,6,-0.0066274607394998
KKR,14,16,8,6,-0.0097088565803797
DC,14,14,7,7,0.5046884808969452
GT,14,14,7,7,-0.4554868974092247
RR,14,10,5,9,-0.2712630965738913
MI,14,10,5,9,-0.6618998955455382
RCB,14,6,3,11,-1.186226009164834
