bowler,team,score,rank
Rashid Khan,GT,17.60232078816514,1
R Sai Kishore,MI,14.20843855115555,2
HH Pandya,MI,12.56612250576804,3
Sikandar Raza,MI,11.11812752397416,4
Noor Ahmad,GT,9.359325046198128,5
Avesh Khan,GT,9.24618467061118,6
Mohammed Shami,GT,6.972920007256689,7
Abhishek Sharma,MI,3.753236691326773,8
R Parag,GT,3.30943659346702,9
GD Phillips,GT,-0.0195982782791881,10
