batter,team,score,rank
Naman Dhir,GT,27.00211878556021,1
Abhishek Sharma,MI,22.92086848567132,2
WL Madsen,MI,20.25071748919532,3
JP Inglis,GT,19.00724563710036,4
N Pooran,MI,18.5519182799327,5
AM Rahane,MI,14.72098227166486,6
SV Samson,GT,13.55845891771969,7
Ishan Kishan,MI,11.25028067021902,8
RD Gaikwad,GT,11.16705474627818,9
HH Pandya,MI,11.01140293859912,10
R Parag,GT,10.89330548961012,11
