bowler,team,score,rank
Sandeep Sharma,RR,19.3458991625894,1
Mayank Dagar,RR,16.73303545382254,2
C Sakariya,SRH,15.65089690920117,3
JR Hazlewood,RR,11.55742492796361,4
GJ Maxwell,RR,9.740173186625537,5
SH Johnson,SRH,7.650703062420748,6
M Jansen,RR,3.765813318339416,7
LS Livingstone,SRH,3.487410104235019,8
Akash Deep,SRH,2.14920950015433,9
