batter,team,score,rank
GJ Maxwell,RR,22.73242812501399,1
YBK Jaiswal,RR,19.9070887144756,2
KL Rahul,SRH,19.62097003191268,3
VR Iyer,SRH,16.52945470727532,4
S Dube,RR,15.90308629649496,5
T Stubbs,SRH,15.41616712863946,6
P Simran Singh,SRH,15.26646026571908,7
RD Rickelton,RR,13.53946036154051,8
Priyansh Arya,SRH,10.25896967730408,9
RM Patidar,RR,10.09910044466411,10
LS Livingstone,SRH,7.983165480697064,11
N Wadhera,RR,3.808746441787919,12
